rank,word,paradigm,frequency,weight,DISKRIM,LAMUV,NETAISN,AICIN,DARB,PERS,ASOC,MILIT,NOSOD,EMOC,NODEV
1,karš,D1.š,470692,0.4,0,0,0,0,0,0,0,1,0,0,0
2,slikts,Īp.s,333614,0.7,0,0,0,0,0,0,0,0,1,0,0
3,policija,D4.a,249009,0.4,0,0,0,0,0,0,1,0,0,0,0
4,kauns,D1.s,208153,0.7,0,0,0,0,0,0,0,0,1,0,0
5,slims,Īp.s,195778,0.7,1,0,0,0,0,0,0,0,0,0,0
6,sodīt,K3.īt,192763,0.7,0,0,0,1,0,0,1,0,0,0,0
7,ierocis,D2.cis,164108,0.4,0,0,0,0,0,0,0,1,0,0,0
9,zaglis,D2.lis,160395,0.8,0,0,1,0,1,0,0,0,1,0,0
10,ciest,K1.st.šu.tu,157874,0.55,0,0,1,0,0,0,1,0,0,0,0
11,zaudēt,K2.t,150762,0.7,0,0,1,0,0,0,0,0,0,0,0
12,cietums,D1.s,149075,0.4,0,0,0,0,0,0,1,0,0,0,0
13,cīnīties,K3.īties,135786,0.7,0,0,0,0,1,0,0,1,0,0,0
14,nāve,D5.e,129364,0.4,0,0,0,0,0,0,1,0,0,0,0
15,mirt,K1.t.stu.u,118290,0.4,0,0,0,0,0,0,1,0,0,0,0
16,noziegums,D1.s,114132,0.7,0,0,1,0,0,0,0,0,0,0,0
17,pakaļa,D4.a,112083,0.4,0,1,0,0,0,0,0,0,0,0,0
18,trollis,D2.llis,111920,0.4,0,1,0,0,0,0,0,0,0,0,0
19,cūka,D4.a,108325,0.4,0,1,0,0,0,0,0,0,0,0,0
20,pretīgs,Īp.s,108018,0.7,0,0,0,0,0,0,0,0,1,0,0
21,zagt,K1.agt.ogu.agu,106561,0.8,0,0,1,0,1,0,0,0,1,0,0
22,iznīcināt,K3.ināt,106392,1.0,0,0,0,0,1,0,0,0,0,0,0
23,melnais,Īp.ais,106049,0.7,1,0,0,0,0,0,0,0,0,0,0
24,utains,Īp.s,104243,0.7,1,0,0,0,0,0,0,0,0,0,0
25,režīms,D1.s,102313,0.7,0,0,1,0,0,0,0,0,0,0,0
26,cīņa,D4.a,101678,0.7,0,0,0,0,1,0,0,1,0,0,0
27,aizsardzība,D4.a,96582,0.4,0,0,0,0,0,0,0,1,0,0,0
28,karavīrs,D1.s,94648,0.4,0,0,0,0,0,0,0,1,0,0,0
29,nacists,D1.s,94515,0.4,0,0,0,0,0,0,1,0,0,0,0
30,tanks,D1.s,93096,0.4,0,0,0,0,0,0,0,1,0,0,0
31,slepkava,D4.a,91331,0.4,0,0,0,0,0,0,1,0,0,0,0
32,sods,D1.s,89047,0.4,0,0,0,0,0,0,1,0,0,0,0
33,aizliegt,K1.gt.dzu.dzu,88470,1.0,0,0,0,0,1,0,0,0,0,0,0
34,atņemt,K1.emt.emu.ēmu,85273,0.7,0,0,1,0,0,0,0,0,0,0,0
35,baidīties,K3.īties,84395,1.0,0,0,0,0,1,0,0,0,0,0,0
36,neļaut,K1.aut.auju.āvu,81437,1.0,0,0,0,0,1,0,0,0,0,0,0
37,gāzt,K1.zt.žu.zu,80438,1.0,0,0,0,0,1,0,0,0,0,0,0
38,nodot,K1.ot.odu.evu,80146,0.1,0,0,0,0,0,0,0,0,0,0,1
39,ebrejs,D1.s,77906,0.7,1,0,0,0,0,0,0,0,0,0,0
40,ienaidnieks,D1.s,76915,0.4,0,0,0,0,0,0,0,1,0,0,0
41,nabadzība,D4.a,75785,0.7,0,0,1,0,0,0,0,0,0,0,0
42,nogalināt,K3.ināt,73107,1.0,0,0,0,0,1,0,0,0,0,0,0
43,korupcija,D4.a,72963,0.7,0,0,1,0,0,0,0,0,0,0,0
44,idiots,D1.s,72730,0.4,0,1,0,0,0,0,0,0,0,0,0
45,fašiste,D5.e,72253,0.4,0,0,0,0,0,0,1,0,0,0,0
46,noziedznieks,D1.s,71856,0.7,0,0,1,0,0,0,0,0,0,0,0
47,sist,K1.st.tu.tu,69996,1.0,0,0,0,0,1,0,0,0,0,0,0
48,idiote,D5.e,69920,0.4,0,1,0,0,0,0,0,0,0,0,0
49,vergs,D1.s,68684,0.7,0,0,1,0,0,0,0,0,0,0,0
50,nomirt,K1.t.stu.u,68077,0.4,0,0,0,0,0,0,1,0,0,0,0
51,bandīts,D1.s,67555,0.4,0,0,0,0,0,0,1,0,0,0,0
52,nodevējs,D1.s,66094,0.1,0,0,0,0,0,0,0,0,0,0,1
53,kārt,K1.ārt.aru.āru,65338,1.0,0,0,0,0,1,0,0,0,0,0,0
54,bīstams,Īp.s,65313,0.4,0,0,0,0,0,0,1,0,0,0,0
55,likvidēt,K2.t,64700,1.0,0,0,0,0,1,0,0,0,0,0,0
56,šaut,K1.aut.auju.āvu,63671,1.0,0,0,0,1,1,0,0,0,0,0,0
57,upuris,D2.is,63627,0.55,0,0,1,0,0,0,1,0,0,0,0
58,banda,D4.a,63567,0.4,0,0,0,0,0,0,1,0,0,0,0
59,asins,D6.s,61391,0.4,0,0,0,0,0,0,1,0,0,0,0
60,kukulis,D2.lis,59502,0.7,0,0,1,0,0,0,0,0,0,0,0
61,policists,D1.s,58852,0.4,0,0,0,0,0,0,1,0,0,0,0
62,bedre,D5.e,57543,0.4,0,0,0,0,0,0,1,0,0,0,0
63,lops,D1.s,56012,0.4,0,1,0,0,0,0,0,0,0,0,0
64,aizliegts,Īp.s,55864,1.0,0,0,0,0,1,0,0,0,0,0,0
65,agresīvs,Īp.s,53258,0.4,0,0,0,0,0,0,1,0,0,0,0
66,policiste,D5.e,52604,0.4,0,0,0,0,0,0,1,0,0,0,0
67,ierobežojums,D1.s,51465,0.7,0,0,1,0,0,0,0,0,0,0,0
68,purns,D1.s,51276,0.4,0,0,0,0,0,0,1,0,0,0,0
69,arābs,D1.s,51255,0.7,1,0,0,0,0,0,0,0,0,0,0
70,kalpot,K2.t,50877,0.7,0,0,1,0,0,0,0,0,0,0,0
71,kalps,D1.s,49465,0.7,0,0,1,0,0,0,0,0,0,0,0
72,briesmīgs,Īp.s,49290,0.4,0,0,0,0,0,0,1,0,0,0,0
73,nozagt,K1.agt.ogu.agu,48286,0.7,0,0,1,0,0,0,0,0,0,0,0
74,mafija,D4.a,48032,0.4,0,0,0,0,0,0,1,0,0,0,0
75,zilais,Īp.ais,46523,0.7,1,0,0,0,0,0,0,0,0,0,0
76,migrants,D1.s,44721,0.7,1,0,0,0,0,0,0,0,0,0,0
77,aita,D4.a,44387,0.4,0,1,0,0,0,0,0,0,0,0,0
78,fašists,D1.s,44045,0.4,0,0,0,0,0,0,1,0,0,0,0
79,noziedzīgs,Īp.s,43984,0.7,0,0,1,0,0,0,0,0,0,0,0
80,āksts,D1.s,43451,0.4,0,1,0,0,0,0,0,0,0,0,0
81,fašistisks,Īp.s,43120,0.4,0,0,0,0,0,0,1,0,0,0,0
82,slepkavība,D4.a,42849,0.4,0,0,0,0,0,0,1,0,0,0,0
83,parazīts,D1.s,42749,0.7,0,0,1,0,0,0,0,0,1,0,0
84,draudēt,K3.ēt,42030,0.4,0,0,0,0,0,0,1,0,0,0,0
85,protests,D1.s,41942,0.1,0,0,0,0,0,0,0,0,0,0,0
86,nošaut,K1.aut.auju.āvu,41940,1.0,0,0,0,1,1,0,0,0,0,0,0
87,kremlins,D1.s,41670,0.4,0,1,0,0,0,0,0,0,0,0,0
88,genocīds,D1.s,41669,1.0,0,0,0,0,1,0,0,0,0,0,0
89,pamuļķis,D2.is,41170,0.4,0,1,0,0,0,0,0,0,0,0,0
90,nelietis,D2.tis,40668,0.7,0,0,0,0,0,0,0,0,1,0,0
91,govs,D6.s,40640,0.4,0,1,0,0,0,0,0,0,0,0,0
92,nelegāls,Īp.s,40482,0.7,0,0,1,0,0,0,0,0,0,0,0
93,čeka,D4.a,39836,0.4,0,0,0,0,0,0,1,0,0,0,0
94,žurka,D4.a,39831,0.4,0,1,0,0,0,0,0,0,0,0,0
95,fašisms,D1.s,39773,0.4,0,0,0,0,0,0,1,0,0,0,0
96,auns,D1.s,39416,0.4,0,1,0,0,0,0,0,0,0,0,0
97,agresija,D4.a,39233,0.4,0,0,0,0,0,0,1,0,0,0,0
98,vardarbība,D4.a,39153,1.0,0,0,0,0,1,0,0,0,0,0,0
99,kangars,D1.s,38757,0.7,0,0,0,0,0,1,0,0,0,0,0
100,kliķe,D5.e,38224,0.7,0,0,1,0,0,0,0,0,0,0,0
101,slepkavot,K2.t,38199,1.0,0,0,0,0,1,0,0,0,0,0,0
102,kauties,K1.auties.aujos.āvos,37178,1.0,0,0,0,0,1,0,0,0,0,0,0
103,uts,D6.s,36967,0.7,1,0,0,0,0,0,0,0,0,0,0
104,apzagt,K1.agt.ogu.agu,36725,0.85,0,0,1,0,1,0,0,0,0,0,0
105,kretīns,D1.s,36328,0.4,0,1,0,0,0,0,0,0,0,0,0
106,iznīcināts,Īp.s,36290,1.0,0,0,0,0,1,0,0,0,0,0,0
107,līķis,D2.is,34771,0.4,0,0,0,0,0,0,1,0,0,0,0
108,krimināls,Īp.s,34014,0.4,0,0,0,0,0,0,1,0,0,0,0
109,provokācija,D4.a,33562,0.4,0,0,0,0,0,0,1,0,0,0,0
110,pedofīls,D1.s,33373,0.4,0,0,0,0,0,0,1,0,0,0,0
111,mīkstais,Īp.ais,33089,0.55,1,1,0,0,0,0,0,0,0,0,0
112,iznīcināšana,D4.a,32642,1.0,0,0,0,0,1,0,0,0,0,0,0
113,posts,D1.s,32408,0.4,0,0,0,0,0,0,1,0,0,0,0
114,kroplis,D2.lis,32284,0.55,1,1,0,0,0,0,0,0,0,0,0
115,riebties,K1.bties.bjos.bos,32198,0.4,0,0,0,0,0,0,1,0,0,0,0
116,ņirgāties,K2.ties,32164,1.0,0,0,0,0,1,0,0,0,0,0,0
117,iebrukt,K1.ukt.ūku.uku,31915,0.7,0,0,0,0,1,0,0,1,0,0,0
118,agresors,D1.s,31553,0.4,0,0,0,0,0,0,1,0,0,0,0
119,sātans,D1.s,31084,0.5,0,1,0,0,0,1,1,0,0,0,0
120,slimnieks,D1.s,30951,0.7,1,0,0,0,0,0,0,0,0,0,0
121,uguns,D6.s,30727,0.4,0,0,0,0,0,0,1,0,0,0,0
122,čekiste,D5.e,30109,0.4,0,0,0,0,0,0,1,0,0,0,0
123,liekēdis,D2.dis,29335,0.7,0,0,1,0,0,0,0,0,0,0,0
124,nepieļaut,K1.aut.auju.āvu,29143,1.0,0,0,0,0,1,0,0,0,0,0,0
125,korumpēts,Īp.s,29089,0.7,0,0,1,0,0,0,0,0,0,0,0
126,kaitīgs,Īp.s,28423,0.55,0,0,1,0,0,0,1,0,0,0,0
127,sagraut,K1.aut.auju.āvu,28412,1.0,0,0,0,1,1,0,0,0,0,0,0
128,blēdis,D2.dis,28382,0.7,0,0,1,0,0,0,0,0,0,0,0
129,izzagt,K1.agt.ogu.agu,28330,1.0,0,0,0,0,1,0,0,0,0,0,0
130,война,Rus,28320,0.4,0,0,0,0,0,0,0,1,0,0,0
131,zagšana,D4.a,28278,0.8,0,0,1,0,1,0,0,0,1,0,0
132,graut,K1.aut.auju.āvu,28128,0.85,0,0,0,0,1,0,0,0,0,0,1
133,kapitālisms,D1.s,27971,0.7,0,0,1,0,0,0,0,0,0,0,0
134,liberālis,D2.lis,27518,0.1,0,0,0,0,0,0,0,0,0,0,0
135,nozombēts,Īp.s,27309,1.0,0,0,0,0,1,0,0,0,0,0,0
136,iebrukums,D1.s,27136,0.7,0,0,0,0,1,0,0,1,0,0,0
137,nolādēts,Īp.s,26991,1.0,0,0,0,0,1,0,0,0,0,0,0
138,nolaist,K1.st.žu.du,26962,0.7,0,0,0,0,0,0,0,0,0,0,1
139,nogalināts,Īp.s,26935,1.0,0,0,0,0,1,0,0,0,0,0,0
140,imigrante,D5.e,26669,0.7,1,0,0,0,0,0,0,0,0,0,0
141,nēģeris,D2.is,26600,0.7,1,0,0,0,0,0,0,0,0,0,0
142,nekaunīgs,Īp.s,26228,0.7,0,0,0,0,0,0,0,0,1,0,0
143,ziepes,D5.e,26069,0.4,0,0,0,0,0,0,1,0,0,0,0
144,nozagts,Īp.s,25934,0.7,0,0,1,0,0,0,0,0,0,0,0
145,deģenerāts,D1.s,25526,0.4,0,1,0,0,0,0,0,0,0,0,0
146,afēra,D4.a,25340,0.7,0,0,1,0,0,0,0,0,0,0,0
147,panika,D4.a,25010,1.0,0,0,0,0,1,0,0,0,0,0,0
148,sodīts,Īp.s,24968,0.4,0,0,0,0,0,0,1,0,0,0,0
149,aizliegums,D1.s,24910,1.0,0,0,0,0,1,0,0,0,0,0,0
150,degt,K1.gt.gu.gu,24796,1.0,0,0,0,0,1,0,0,0,0,0,0
151,pups,D1.s,24622,0.4,0,1,0,0,0,0,0,0,0,0,0
152,brīdināt,K3.ināt,24457,0.4,0,0,0,0,0,0,1,0,0,0,0
153,daunis,D2.nis,23972,0.4,0,1,0,0,0,0,0,0,0,0,0
154,algotnis,D2.nis,23954,0.4,0,0,0,0,0,0,0,1,0,0,0
155,nežēlīgs,Īp.s,23731,0.4,0,0,0,0,0,0,1,0,0,0,0
156,nosprāgt,K1.gt.gstu.gu,23687,1.0,0,0,0,0,1,0,0,0,0,0,0
157,atmazgāt,K2.t,23681,0.7,0,0,1,0,0,0,0,0,0,0,0
158,skaust,K1.st.žu.du,23600,1.0,0,0,0,0,0,0,0,0,0,1,0
159,aizsargāt,K2.t,23278,0.4,0,0,0,0,0,0,0,1,0,0,0
160,iekarot,K2.t,22974,0.4,0,0,0,0,0,0,0,1,0,0,0
161,draudi,DM.i,22842,0.4,0,0,0,0,0,0,1,0,0,0,0
162,čekists,D1.s,22738,0.4,0,0,0,0,0,0,1,0,0,0,0
163,brīdinājums,D1.s,22502,0.4,0,0,0,0,0,0,1,0,0,0,0
164,izvarot,K2.t,22276,1.0,0,0,0,0,1,0,0,0,0,0,0
165,šoks,D1.s,22270,0.4,0,0,0,0,0,0,1,0,0,0,0
166,burbulis,D2.lis,22176,0.4,0,0,0,0,0,0,1,0,0,0,0
167,lamāt,K2.t,22107,1.0,0,0,0,0,1,0,0,0,0,0,0
168,atmaksāt,K2.t,22047,0.7,0,0,1,0,0,0,0,0,0,0,0
169,terors,D1.s,21563,0.7,0,0,1,0,0,0,0,0,0,0,0
170,nacionālists,D1.s,21562,0.4,0,0,0,0,0,0,1,0,0,0,0
171,nacisms,D1.s,21416,0.4,0,0,0,0,0,0,1,0,0,0,0
172,čakarēt,K2.t,21333,0.85,0,0,0,0,1,0,0,0,0,0,1
173,dedzināt,K3.ināt,21328,1.0,0,0,0,0,1,0,0,0,0,0,0
174,bāba,D4.a,21193,0.7,1,0,0,0,0,0,0,0,0,0,0
175,atņemts,Īp.s,21100,0.7,0,0,1,0,0,0,0,0,0,0,0
176,biezais,Īp.ais,21017,0.7,0,0,1,0,0,0,0,0,0,0,0
177,nacistisks,Īp.s,20979,0.4,0,0,0,0,0,0,1,0,0,0,0
178,bargs,Īp.s,20941,1.0,0,0,0,0,1,0,0,0,0,0,0
179,likvidēts,Īp.s,20871,1.0,0,0,0,0,1,0,0,0,0,0,0
180,skaudība,D4.a,20701,1.0,0,0,0,0,0,0,0,0,0,1,0
181,miets,D1.s,20611,0.4,0,0,0,0,0,0,1,0,0,0,0
182,nazis,D2.zis,20536,0.4,0,0,0,0,0,0,1,0,0,0,0
183,spiegs,D1.s,20482,0.4,0,0,0,0,0,0,0,1,0,0,1
184,neapmierināts,Īp.s,20311,1.0,0,0,0,0,0,0,0,0,0,1,0
186,inde,D5.e,19734,0.4,0,0,0,0,0,0,1,0,0,0,0
187,ienīst,K1.st.stu.du,19646,1.0,0,0,0,0,0,0,0,0,0,1,0
188,debīls,Īp.s,19610,0.4,0,1,0,0,0,0,0,0,0,0,0
189,imigrants,D1.s,19442,0.7,1,0,0,0,0,0,0,0,0,0,0
190,verdzība,D4.a,19433,0.7,0,0,1,0,0,0,0,0,0,0,0
191,idiotisms,D1.s,19407,0.4,0,1,0,0,0,0,0,0,0,0,0
192,asiņains,Īp.s,19192,0.4,0,0,0,0,0,0,1,0,0,0,0
193,āzis,D2.zis,19181,0.4,0,1,0,0,0,0,0,0,0,0,0
194,neciest,K1.st.šu.tu,19061,0.7,0,0,0,0,1,0,1,0,0,0,0
195,čigāns,D1.s,18970,0.7,1,0,0,0,0,0,0,0,0,0,0
196,noziedzība,D4.a,18631,0.7,0,0,1,0,0,0,0,0,0,0,0
197,nodevība,D4.a,18598,0.1,0,0,0,0,0,0,0,0,0,0,1
198,briesmas,D4.as,18569,0.4,0,0,0,0,0,0,1,0,0,0,0
199,idiņš,D1.š,18536,0.4,0,1,0,0,0,0,0,0,0,0,0
200,mocīties,K3.cīties,18516,1.0,0,0,0,0,1,0,0,0,0,0,0
201,pajoliņš,D1.š,18377,0.4,0,1,0,0,0,0,0,0,0,0,0
202,mērglis,D2.lis,18296,0.4,0,1,0,0,0,0,0,0,0,0,0
203,jāsoda,Fix,18280,1.0,0,0,0,1,0,0,0,0,0,0,0
204,cīnītājs,D1.s,18276,0.7,0,0,0,0,1,0,0,1,0,0,0
205,pakārt,K1.ārt.aru.āru,17891,1.0,0,0,0,1,1,0,0,0,0,0,0
206,krāpnieks,D1.s,17839,0.7,0,0,1,0,0,0,0,0,0,0,0
207,cirvis,D2.vis,17820,0.4,0,1,0,0,0,0,1,0,0,0,0
208,muslims,D1.s,17810,0.7,1,0,0,0,0,0,0,0,0,0,0
209,sabojāt,K2.t,17734,1.0,0,0,0,0,1,0,0,0,0,0,0
210,kaka,D4.a,17317,0.4,0,1,0,0,0,0,0,0,0,0,0
211,kareivis,D2.vis,17117,0.4,0,0,0,0,0,0,0,1,0,0,0
212,nekaunība,D4.a,17100,0.7,0,0,0,0,0,0,0,0,1,0,0
213,diskriminācija,D4.a,16784,0.7,0,0,1,0,0,0,0,0,0,0,0
214,divīzija,D4.a,16699,0.4,0,0,0,0,0,0,0,1,0,0,0
215,zaglīgs,Īp.s,16453,0.8,0,0,1,0,1,0,0,0,1,0,0
216,riebīgs,Īp.s,16420,0.4,0,0,0,0,0,0,1,0,0,0,0
217,ņirgāšanās,DR.šanās,16111,1.0,0,0,0,0,1,0,0,0,0,0,0
218,urla,D4.a,16018,0.7,1,0,0,0,0,0,0,0,0,0,0
219,duraks,D1.s,16009,0.4,0,1,0,0,0,0,0,0,0,0,0
220,sisties,K1.sties.tos.tos,15979,0.1,0,0,0,0,0,0,0,0,0,0,0
221,jācīnās,Fix,15850,0.7,0,0,0,0,1,0,0,1,0,0,0
223,drāzt,K1.zt.žu.zu,15573,1.0,0,0,0,0,1,0,0,0,0,0,0
224,manipulēt,K2.t,15536,0.7,0,0,1,0,0,0,0,0,0,0,0
225,nacionālisms,D1.s,15365,0.4,0,0,0,0,0,0,1,0,0,0,0
226,apšaut,K1.aut.auju.āvu,15359,1.0,0,0,0,0,1,0,0,0,0,0,0
227,zārks,D1.s,14878,0.4,0,0,0,0,0,0,1,0,0,0,0
228,vergot,K2.t,14814,0.7,0,0,1,0,0,0,0,0,0,0,0
229,sagrauts,Īp.s,14752,1.0,0,0,0,0,1,0,0,0,0,0,0
230,lāsts,D1.s,14738,0.4,0,0,0,0,0,0,1,0,0,0,0
231,jālikvidē,Fix,14705,1.0,0,0,0,1,0,0,0,0,0,0,0
232,kaitējums,D1.s,14674,0.85,0,0,1,0,1,0,0,0,0,0,0
233,maukt,K1.kt.cu.cu,14626,1.0,0,0,0,0,1,0,0,0,0,0,0
234,atombumba,D4.a,14564,0.4,0,0,0,0,0,0,0,1,0,0,0
235,nosist,K1.st.tu.tu,14498,1.0,0,0,0,1,1,0,0,0,0,0,0
236,sāpīgs,Īp.s,14248,0.7,0,0,0,0,0,0,1,0,0,1,0
237,aizturēt,K3.ēt,14238,1.0,0,0,0,0,1,0,0,0,0,0,0
238,idiotisks,Īp.s,14196,0.4,0,1,0,0,0,0,0,0,0,0,0
239,aizturēts,Īp.s,14176,1.0,0,0,0,0,1,0,0,0,0,0,0
240,patriekt,K1.kt.cu.cu,14165,1.0,0,0,0,0,1,0,0,0,0,0,0
241,izvarošana,D4.a,14115,1.0,0,0,0,0,1,0,0,0,0,0,0
242,sāpes,D5.es,13928,0.7,0,0,0,0,0,0,1,0,0,1,0
243,mocīt,K3.cīt,13844,1.0,0,0,0,0,1,0,0,0,0,0,0
244,liekulis,D2.lis,13840,0.7,0,0,0,0,0,0,0,0,1,0,0
245,biedē,K2.t,13834,1.0,0,0,0,0,1,0,0,0,0,0,0
246,pārdoties,K1.oties.odos.evos,13794,0.7,0,0,1,0,0,0,0,0,0,0,0
247,uzpūsts,Īp.s,13780,0.7,0,0,1,0,0,0,0,0,0,0,0
248,policis,D2.cis,13725,0.4,0,0,0,0,0,0,1,0,0,0,0
249,iznīcība,D4.a,13677,0.4,0,0,0,0,0,0,1,0,0,0,0
250,lamāties,K2.ties,13645,1.0,0,0,0,0,1,0,0,0,0,0,0
251,piegriezties,K1.zties.žos.zos,13641,0.4,0,0,0,0,0,0,1,0,0,0,0
252,apdraudējums,D1.s,13551,1.0,0,0,0,0,1,0,0,0,0,0,0
253,vaņka,D4.a,13247,0.7,1,0,0,0,0,0,0,0,0,0,0
254,izšaut,K1.aut.auju.āvu,13242,1.0,0,0,0,0,1,0,0,0,0,0,0
255,stukačs,D1.s,13117,0.1,0,0,0,0,0,0,0,0,0,0,1
256,grūst,K1.st.žu.du,13019,1.0,0,0,0,0,1,0,0,0,0,0,0
257,vardarbīgs,Īp.s,12984,1.0,0,0,0,0,1,0,0,0,0,0,0
258,represija,D4.a,12927,0.7,0,0,1,0,0,0,0,0,0,0,0
259,spridzināt,K3.ināt,12828,0.8,0,0,0,1,1,0,0,1,0,0,0
260,karadarbība,D4.a,12744,0.4,0,0,0,0,0,0,0,1,0,0,0
261,uzpirkts,Īp.s,12502,0.7,0,0,1,0,0,0,0,0,1,0,0
262,sūdains,Īp.s,12466,0.4,0,0,0,0,0,0,1,0,0,0,0
263,aplaupīt,K3.īt,12435,1.0,0,0,0,0,1,0,0,0,0,0,0
264,nošauts,Īp.s,12431,1.0,0,0,0,0,1,0,0,0,0,0,0
265,šāviens,D1.s,12254,1.0,0,0,0,0,1,0,0,0,0,0,0
266,krāpšana,D4.a,12251,0.7,0,0,1,0,0,0,0,0,0,0,0
268,samazga,D4.a,12198,0.4,0,1,0,0,0,0,0,0,0,0,0
269,apdraudēts,Īp.s,12148,1.0,0,0,0,0,1,0,0,0,0,0,0
270,iznīcinātājs,D1.s,12136,1.0,0,0,0,0,1,0,0,0,0,0,0
271,apriet,K1.iet.eju.ēju,12023,1.0,0,0,0,0,1,0,0,0,0,0,0
272,pāķis,D2.is,11941,0.7,1,0,0,0,0,0,0,0,0,0,0
273,privatizācija,D4.a,11940,0.7,0,0,1,0,0,0,0,0,0,0,0
274,военный,Rus,11926,0.4,0,0,0,0,0,0,0,1,0,0,0
275,cietumnieks,D1.s,11908,0.4,0,0,0,0,0,0,1,0,0,0,0
276,kaitināt,K3.ināt,11894,1.0,0,0,0,0,1,0,0,0,0,0,0
277,nelietīgs,Īp.s,11670,0.7,0,0,0,0,0,0,0,0,1,0,0
278,amorāls,Īp.s,11596,0.7,0,0,0,0,0,0,0,0,1,0,0
279,nīsts,Īp.s,11590,1.0,0,0,0,0,0,0,0,0,0,1,0
280,lielgabals,D1.s,11567,0.4,0,0,0,0,0,0,0,1,0,0,0
281,necieņa,D4.a,11534,0.7,0,0,0,0,0,0,0,0,1,0,0
282,spļaut,K1.aut.auju.āvu,11526,1.0,0,0,0,0,1,0,0,0,0,0,0
283,mēslaine,D5.e,11400,0.4,0,0,0,0,0,0,1,0,0,0,0
284,izsist,K1.st.tu.tu,11394,1.0,0,0,0,0,1,0,0,0,0,0,0
285,pakārties,K1.ārties.aros.āros,11390,1.0,0,0,0,0,1,0,0,0,0,0,0
286,čūska,D4.a,11387,0.4,0,1,0,0,0,0,0,0,0,0,0
287,shēmotājs,D1.s,11322,0.4,0,1,0,0,0,0,0,0,0,0,0
288,nikns,Īp.s,11223,1.0,0,0,0,0,0,0,0,0,0,1,0
289,lobēt,K2.t,11190,0.7,0,0,1,0,0,0,0,0,0,0,0
290,pensis,D2.sis,11182,0.55,1,1,0,0,0,0,0,0,0,0,0
291,degradēties,K2.ties,11129,0.4,0,0,0,0,0,0,1,0,0,0,0
292,šakālis,D2.lis,11097,0.4,0,1,0,0,0,0,0,0,0,0,0
293,politikānis,D2.nis,10983,0.7,0,0,1,0,0,0,0,0,0,0,0
294,atmaksa,D4.a,10934,0.7,0,0,1,0,0,0,0,0,0,0,0
295,noslepkavot,K2.t,10918,1.0,0,0,0,0,1,0,0,0,0,0,0
296,biete,D5.e,10905,0.4,0,0,0,0,0,0,1,0,0,0,0
297,netaisnība,D4.a,10903,0.7,0,0,1,0,0,0,0,0,0,0,0
298,nīdējs,D1.s,10879,0.4,0,0,0,0,0,0,1,0,0,0,0
299,sazagts,Īp.s,10865,0.7,0,0,1,0,0,0,0,0,0,0,0
300,šovinists,D1.s,10826,0.55,1,0,0,0,0,0,1,0,0,0,0
301,dauzīt,K3.īt,10715,1.0,0,0,0,0,1,0,0,0,0,0,0
302,bataljons,D1.s,10674,0.4,0,0,0,0,0,0,0,1,0,0,0
303,atņemšana,D4.a,10655,0.7,0,0,1,0,0,0,0,0,0,0,0
304,skauģis,D2.is,10624,1.0,0,0,0,0,0,0,0,0,0,1,0
305,ķēms,D1.s,10584,0.4,0,1,0,0,0,0,0,0,0,0,0
306,kuce,D5.e,10567,0.55,1,1,0,0,0,0,0,0,0,0,0
307,riebums,D1.s,10553,0.4,0,0,0,0,0,0,1,0,0,0,0
308,debīliķis,D2.is,10546,0.4,0,1,0,0,0,0,0,0,0,0,0
309,demonstrācija,D4.a,10473,0.4,0,0,0,0,0,0,1,0,0,0,0
310,uzpirkt,K1.irkt.ērku.irku,10467,0.7,0,0,1,0,0,0,0,0,1,0,0
311,likvidēšana,D4.a,10408,1.0,0,0,0,0,1,0,0,0,0,0,0
312,dirst,K1.st.šu.su,10400,0.4,0,0,0,0,0,0,1,0,0,0,0
313,deportēt,K2.t,10398,1.0,0,0,0,0,1,0,0,0,0,0,0
314,degradācija,D4.a,10365,0.4,0,0,0,0,0,0,1,0,0,0,0
315,čangalis,D2.lis,10362,0.55,1,1,0,0,0,0,0,0,0,0,0
316,likvidācija,D4.a,10269,1.0,0,0,0,0,1,0,0,0,0,0,0
317,fricis,D2.cis,10231,0.7,1,0,0,0,0,0,0,0,0,0,0
318,kaitēt,K2.t,10186,0.85,0,0,1,0,1,0,0,0,0,0,0
319,apdraudēt,K3.ēt,10169,1.0,0,0,0,0,1,0,0,0,0,0,0
320,salauzt,K1.zt.žu.zu,10166,1.0,0,0,0,0,1,0,0,0,0,0,0
321,streiks,D1.s,10141,0.4,0,0,0,0,0,0,1,0,0,0,0
322,iegrūst,K1.st.žu.du,10074,1.0,0,0,0,0,1,0,0,0,0,0,0
323,aizskart,K1.art.aru.āru,9999,1.0,0,0,0,0,1,0,0,0,0,0,0
324,liekulība,D4.a,9983,0.7,0,0,0,0,0,0,0,0,1,0,0
325,munīcija,D4.a,9971,0.4,0,0,0,0,0,0,0,1,0,0,0
326,aizvākties,K1.kties.cos.cos,9948,1.0,0,0,0,0,1,0,0,0,0,0,0
327,čurka,D4.a,9922,0.55,1,1,0,0,0,0,0,0,0,0,0
328,jābaidās,Fix,9903,0.1,0,0,0,0,0,0,0,0,0,0,0
329,nelietība,D4.a,9841,0.7,0,0,0,0,0,0,0,0,1,0,0
330,zvērība,D4.a,9816,0.4,0,0,0,0,0,0,1,0,0,0,0
331,manipulācija,D4.a,9793,0.7,0,0,1,0,0,0,0,0,0,0,0
332,aizsargāts,Īp.s,9752,0.4,0,0,0,0,0,0,0,1,0,0,0
333,zagts,Īp.s,9688,0.8,0,0,1,0,1,0,0,0,1,0,0
334,aizsargs,D1.s,9604,0.4,0,0,0,0,0,0,0,1,0,0,0
335,zobens,D1.s,9590,0.4,0,0,0,0,0,0,0,1,0,0,0
336,slepkavošana,D4.a,9557,1.0,0,0,0,0,1,0,0,0,0,0,0
337,sāpēt,K3.ēt,9549,0.7,0,0,0,0,0,0,1,0,0,1,0
338,zādzība,D4.a,9549,0.8,0,0,1,0,1,0,0,0,1,0,0
339,cietumsods,D1.s,9537,0.4,0,0,0,0,0,0,1,0,0,0,0
340,sadedzināt,K3.ināt,9526,1.0,0,0,0,1,1,0,0,0,0,0,0
341,jācieš,Fix,9507,0.55,0,0,1,0,0,0,1,0,0,0,0
342,mudaks,D1.s,9493,0.4,0,1,0,0,0,0,0,0,0,0,0
343,nāvessods,D1.s,9442,0.4,0,0,0,0,0,0,1,0,0,0,0
344,gāzties,K1.zties.žos.zos,9423,1.0,0,0,0,0,1,0,0,0,0,0,0
345,cionists,D1.s,9393,0.7,1,0,0,0,0,0,0,0,0,0,0
346,dakša,D4.a,9391,0.4,0,0,0,0,0,0,1,0,0,0,0
347,ādolfs,D1.s,9376,0.7,0,0,0,0,0,1,0,0,0,0,0
348,apmelot,K2.t,9294,0.7,0,0,1,0,0,0,0,0,0,0,0
349,войско,Rus,9284,0.4,0,0,0,0,0,0,0,1,0,0,0
350,parazitēt,K2.t,9270,0.7,0,0,1,0,0,0,0,0,1,0,0
351,agonija,D4.a,9267,0.4,0,0,0,0,0,0,1,0,0,0,0
352,degradēt,K2.t,9255,0.4,0,0,0,0,0,0,1,0,0,0,0
353,lauķis,D2.is,9204,0.7,1,0,0,0,0,0,0,0,0,0,0
354,mahinācija,D4.a,9194,0.7,0,0,1,0,0,0,0,0,0,0,0
355,nogalināšana,D4.a,9144,1.0,0,0,0,0,1,0,0,0,0,0,0
356,politmafija,D4.a,9136,0.7,0,0,1,0,0,0,0,0,0,0,0
357,nepieņemams,Īp.s,9133,0.7,0,0,0,0,0,0,0,0,1,0,0
358,kulaks,D1.s,9132,0.7,0,0,1,0,0,0,0,0,0,0,0
359,liekulīgs,Īp.s,9073,0.7,0,0,0,0,0,0,0,0,1,0,0
360,sodāms,Īp.s,8965,0.4,0,0,0,0,0,0,1,0,0,0,0
361,degradēts,Īp.s,8952,0.4,0,0,0,0,0,0,1,0,0,0,0
362,noriet,K1.iet.eju.ēju,8943,1.0,0,0,0,0,1,0,0,0,0,0,0
363,izvarots,Īp.s,8939,1.0,0,0,0,0,1,0,0,0,0,0,0
364,uzspridzināt,K3.ināt,8834,1.0,0,0,0,1,1,0,0,0,0,0,0
365,sabojāts,Īp.s,8809,1.0,0,0,0,0,1,0,0,0,0,0,0
366,pistole,D5.e,8802,0.4,0,0,0,0,0,0,0,1,0,0,0
367,aizvākt,K1.kt.cu.cu,8763,1.0,0,0,0,0,1,0,0,0,0,0,0
368,pulveris,D2.is,8745,0.4,0,0,0,0,0,0,0,1,0,0,0
369,spīdzināt,K3.ināt,8740,1.0,0,0,0,1,1,0,0,0,0,0,0
370,apčakarēt,K2.t,8729,0.7,0,0,1,0,0,0,0,0,0,0,0
371,iesist,K1.st.tu.tu,8709,1.0,0,0,0,0,1,0,0,0,0,0,0
372,ienīsts,Īp.s,8657,1.0,0,0,0,0,0,0,0,0,0,1,0
373,оружие,Rus,8629,0.4,0,0,0,0,0,0,0,1,0,0,0
374,nejēdzīgs,Īp.s,8602,0.7,0,0,0,0,0,0,0,0,1,0,0
375,klapēt,K2.t,8576,1.0,0,0,0,0,1,0,0,0,0,0,0
376,šaušana,D4.a,8498,1.0,0,0,0,0,1,0,0,0,0,0,0
377,mūdzis,D2.zis,8465,0.4,0,1,0,0,0,0,0,0,0,0,0
378,iedzīt,K3.īt,8419,0.7,0,0,1,0,0,0,0,0,0,0,0
379,заражения,Rus,8386,0.7,0,0,0,0,0,0,0,0,0,0,0
380,sovjets,D1.s,8259,0.7,1,0,0,0,0,0,0,0,0,0,0
381,kautiņš,D1.š,8255,1.0,0,0,0,0,1,0,0,0,0,0,0
382,norauties,K1.auties.aujos.āvos,8254,1.0,0,0,0,0,1,0,0,0,0,0,0
383,nokaut,K1.aut.auju.āvu,8217,1.0,0,0,0,0,1,0,0,0,0,0,0
384,skaudīgs,Īp.s,8204,1.0,0,0,0,0,0,0,0,0,0,1,0
385,indēt,K2.t,8202,0.4,0,0,0,0,0,0,1,0,0,0,0
386,ierobežošana,D4.a,8192,0.7,0,0,1,0,0,0,0,0,0,0,0
387,nejēdzība,D4.a,8192,0.7,0,0,0,0,0,0,0,0,1,0,0
388,atriebība,D4.a,8183,0.7,0,0,1,0,0,0,0,0,0,0,0
389,террорист,Rus,8162,0.4,0,0,0,0,0,0,0,1,0,0,0
390,gnīda,D4.a,8155,0.4,0,1,0,0,0,0,0,0,0,0,0
391,masons,D1.s,8087,0.55,0,0,1,0,0,0,1,0,0,0,0
392,stobrs,D1.s,8069,0.4,0,0,0,0,0,0,0,1,0,0,0
393,dedzināšana,D4.a,7964,1.0,0,0,0,0,1,0,0,0,0,0,0
394,nekauņa,D4.a,7957,0.7,0,0,0,0,0,0,0,0,1,0,0
395,krāpt,K1.pt.pju.pu,7956,0.7,0,0,1,0,0,0,0,0,0,0,0
396,neapmierinātība,D4.a,7933,1.0,0,0,0,0,0,0,0,0,0,1,0
397,iznīkt,K1.kt.kstu.ku,7927,1.0,0,0,0,0,1,0,0,0,0,0,0
398,atmaskot,K2.t,7868,0.4,0,0,0,0,0,0,1,0,0,0,0
399,korumpante,D5.e,7805,0.7,0,0,1,0,0,0,0,0,0,0,0
400,iekost,K1.st.žu.du,7584,1.0,0,0,0,0,1,0,0,0,0,0,0
401,iznīdēt,K2.t,7511,1.0,0,0,0,0,1,0,0,0,0,0,0
402,cietējs,D1.s,7506,0.55,0,0,1,0,0,0,1,0,0,0,0
403,snaiperis,D2.is,7487,0.4,0,0,0,0,0,0,0,1,0,0,0
404,солдат,Rus,7478,0.4,0,0,0,0,0,0,0,1,0,0,0
405,izvarotājs,D1.s,7454,1.0,0,0,0,0,1,0,0,0,0,0,0
406,tumsoņa,D4.a,7451,0.4,0,1,0,0,0,0,0,0,0,0,0
407,ņirgt,K1.gt.dzu.dzu,7417,1.0,0,0,0,0,1,0,0,0,0,0,0
408,izolēt,K2.t,7416,1.0,0,0,0,0,1,0,0,0,0,0,0
409,погибнуть,Rus,7380,0.4,0,0,0,0,0,0,1,0,0,0,0
410,ākstīties,K3.īties,7352,0.4,0,1,0,0,0,0,0,0,0,0,0
411,iekarots,Īp.s,7335,0.4,0,0,0,0,0,0,0,1,0,0,0
412,pedofīlija,D4.a,7323,0.4,0,0,0,0,0,0,1,0,0,0,0
413,aptaurēts,Īp.s,7312,0.4,0,1,0,0,0,0,0,0,0,0,0
414,uzpurnis,D2.nis,7312,0.4,0,0,0,0,0,0,1,0,0,0,0
415,šovinisms,D1.s,7264,0.55,1,0,0,0,0,0,1,0,0,0,0
416,nodevīgs,Īp.s,7234,0.1,0,0,0,0,0,0,0,0,0,0,1
417,sadegt,K1.gt.gu.gu,7205,1.0,0,0,0,0,1,0,0,0,0,0,0
418,bandītisks,Īp.s,7141,0.4,0,0,0,0,0,0,1,0,0,0,0
419,dirsa,D4.a,7131,0.4,0,1,0,0,0,0,0,0,0,0,0
420,kakāt,K2.t,7099,0.4,0,0,0,0,0,0,1,0,0,0,0
421,noslepkavots,Īp.s,7029,1.0,0,0,0,0,1,0,0,0,0,0,0
422,kropls,Īp.s,6978,0.55,1,1,0,0,0,0,0,0,0,0,0
423,nošauties,K1.auties.aujos.āvos,6836,1.0,0,0,0,0,1,0,0,0,0,0,0
424,kūdīt,K3.īt,6835,1.0,0,0,0,0,1,0,0,0,0,0,0
425,apzagts,Īp.s,6813,0.85,0,0,1,0,1,0,0,0,0,0,0
426,streikot,K2.t,6792,0.4,0,0,0,0,0,0,1,0,0,0,0
427,nīkulis,D2.lis,6780,0.4,0,1,0,0,0,0,0,0,0,0,0
428,šokējošs,Īp.s,6726,0.4,0,0,0,0,0,0,1,0,0,0,0
429,karabāze,D5.e,6707,0.4,0,0,0,0,0,0,0,1,0,0,0
430,kājstarpe,D5.e,6703,0.4,0,0,0,0,0,0,1,0,0,0,0
431,asinis,D2.nis,6673,0.4,0,0,0,0,0,0,1,0,0,0,0
432,upurēt,K2.t,6594,0.7,0,0,1,1,0,0,1,0,0,0,0
433,perdelis,D2.lis,6593,0.4,0,1,0,0,0,0,0,0,0,0,0
434,kalašņikovs,D1.s,6561,0.4,0,0,0,0,0,0,1,1,0,0,0
435,ultimāts,D1.s,6513,0.4,0,0,0,0,0,0,1,1,0,0,0
436,korumpants,D1.s,6503,0.7,0,0,1,0,0,0,0,0,0,0,0
437,privatizēt,K2.t,6424,0.7,0,0,1,0,0,0,0,0,0,0,0
438,močīt,K2.t,6396,1.0,0,0,0,0,1,0,0,0,0,0,0
439,sašķelt,K1.elt.eļu.ēlu,6391,1.0,0,0,0,1,1,0,0,0,0,0,0
440,netaisnīgs,Īp.s,6375,0.7,0,0,1,0,0,0,0,0,0,0,0
441,ložmetējs,D1.s,6366,0.4,0,0,0,0,0,0,0,1,0,0,0
442,фашизм,Rus,6358,0.4,0,0,0,0,0,0,1,0,0,0,0
444,spīdzināšana,D4.a,6348,1.0,0,0,0,0,1,0,0,0,0,0,0
445,kaunēties,K2.ties,6343,0.7,0,0,0,0,0,0,0,0,1,0,0
446,noniecināt,K3.ināt,6239,1.0,0,0,0,0,1,0,0,0,0,0,0
447,убить,Rus,6238,1.0,0,0,0,0,1,0,0,0,0,0,0
448,sazagties,K1.agties.ogos.agos,6218,0.7,0,0,1,0,0,0,0,0,0,0,0
449,aizklapēt,K2.t,6124,0.85,0,0,0,0,1,0,0,0,0,0,1
450,spļāviens,D1.s,6036,1.0,0,0,0,0,1,0,0,0,0,0,0
451,atmaksāts,Īp.s,6002,0.7,0,0,1,0,0,0,0,0,0,0,0
452,pederasts,D1.s,5958,0.7,1,0,0,0,0,0,0,0,0,0,0
453,kapitāliste,D5.e,5957,0.7,0,0,1,0,0,0,0,0,0,0,0
454,vergturis,D2.is,5951,0.7,0,0,1,0,0,0,0,0,0,0,0
455,nāvējošs,Īp.s,5940,0.4,0,0,0,0,0,0,1,0,0,0,0
456,aizturēšana,D4.a,5893,1.0,0,0,0,0,1,0,0,0,0,0,0
457,танк,Rus,5777,0.4,0,0,0,0,0,0,0,1,0,0,0
458,riebt,K1.bt.bju.bu,5774,0.4,0,0,0,0,0,0,1,0,0,0,0
459,izdrāzt,K1.zt.žu.zu,5768,1.0,0,0,0,0,1,0,0,0,0,0,0
460,kropļot,K2.t,5752,1.0,0,0,0,0,1,0,0,0,0,0,0
461,apzagšana,D4.a,5747,0.85,0,0,1,0,1,0,0,0,0,0,0
462,mafiozs,Īp.s,5714,0.4,0,0,0,0,0,0,1,0,0,0,0
463,slepkavnieks,D1.s,5714,0.4,0,0,0,0,0,0,1,0,0,0,0
464,krāpties,K1.pties.pjos.pos,5706,0.7,0,0,1,0,0,0,0,0,0,0,0
465,aizrīties,K1.īties.ijos.ijos,5704,1.0,0,0,0,0,1,0,0,0,0,0,0
466,aptrakt,K1.kt.kstu.ku,5691,0.4,0,0,0,0,0,0,1,0,0,0,0
467,apkaunot,K2.t,5679,0.7,0,0,0,0,0,0,0,0,1,0,0
468,sodīšana,D4.a,5645,0.4,0,0,0,0,0,0,1,0,0,0,0
469,zaglēns,D1.s,5608,0.8,0,0,1,0,1,0,0,0,1,0,0
470,aizvainot,K2.t,5580,0.7,0,0,1,0,0,0,0,0,0,0,0
471,apcietināt,K3.ināt,5542,1.0,0,0,0,0,1,0,0,0,0,0,0
472,nodegt,K1.gt.gu.gu,5534,0.4,0,0,0,0,0,0,1,0,0,0,0
473,anarhija,D4.a,5532,0.4,0,0,0,0,0,0,1,0,0,0,0
474,laizītājs,D1.s,5526,0.4,0,1,0,0,0,0,0,0,0,0,0
475,nozagšana,D4.a,5494,0.7,0,0,1,0,0,0,0,0,0,0,0
476,diskriminēt,K2.t,5453,0.7,0,0,1,0,0,0,0,0,0,0,0
477,spaidīt,K3.īt,5447,0.1,0,0,0,0,0,0,0,0,0,0,0
478,враг,Rus,5439,0.4,0,0,0,0,0,0,1,0,0,0,0
479,gāzts,Īp.s,5435,1.0,0,0,0,0,1,0,0,0,0,0,0
480,komuņaga,D4.a,5344,0.4,0,1,0,0,0,0,0,0,0,0,0
481,bīstamība,D4.a,5326,0.4,0,0,0,0,0,0,1,0,0,0,0
482,армия,Rus,5297,0.4,0,0,0,0,0,0,0,1,0,0,0
483,izkrāpt,K1.pt.pju.pu,5260,0.7,0,0,1,0,0,0,0,0,0,0,0
484,apkrāpt,K1.pt.pju.pu,5253,0.7,0,0,1,0,0,0,0,0,0,0,0
485,фашист,Rus,5215,0.4,0,0,0,0,0,0,1,0,0,0,0
486,боевик,Rus,5168,0.4,0,0,0,0,0,0,0,1,0,0,0
487,jāatmaksā,Fix,5159,0.7,0,0,1,0,0,0,0,0,0,0,0
488,demolēt,K2.t,5148,1.0,0,0,0,0,1,0,0,0,0,0,0
489,iekarošana,D4.a,5115,0.4,0,0,0,0,0,0,0,1,0,0,0
490,liberasts,D1.s,5104,0.4,0,1,0,0,0,0,0,0,0,0,0
491,pufaika,D4.a,5101,0.1,0,0,0,0,0,0,0,0,0,0,0
492,paverdzināt,K3.ināt,5029,0.7,0,0,1,0,0,0,0,0,0,0,0
493,inficēt,K2.t,4963,1.0,0,0,0,0,1,0,0,0,0,0,0
494,matuška,D4.a,4932,0.7,1,0,0,0,0,0,0,0,0,0,0
495,nolikvidēt,K2.t,4931,1.0,0,0,0,0,1,0,0,0,0,0,0
496,salauzts,Īp.s,4931,1.0,0,0,0,0,1,0,0,0,0,0,0
497,воевать,Rus,4862,0.4,0,0,0,0,0,0,0,1,0,0,0
498,sagraušana,D4.a,4837,1.0,0,0,0,0,1,0,0,0,0,0,0
499,līkdegunis,D2.nis,4814,0.55,1,1,0,0,0,0,0,0,0,0,0
500,buržujs,D1.s,4793,0.7,0,0,1,0,0,0,0,0,0,0,0
501,apklust,K1.st.stu.su,4755,1.0,0,0,0,0,1,0,0,0,0,0,0
502,ракета,Rus,4741,0.4,0,0,0,0,0,0,0,1,0,0,0
503,apmelošana,D4.a,4733,0.7,0,0,1,0,0,0,0,0,0,0,0
504,jāmirst,Fix,4687,1.0,0,0,0,1,0,0,0,0,0,0,0
505,cīnītāja,D4.a,4665,0.7,0,0,0,0,1,0,0,1,0,0,0
506,atšaut,K1.aut.auju.āvu,4656,1.0,0,0,0,0,1,0,0,0,0,0,0
507,lobēšana,D4.a,4650,0.7,0,0,1,0,0,0,0,0,0,0,0
508,nigers,D1.s,4650,0.55,1,1,0,0,0,0,0,0,0,0,0
509,spridzeklis,D2.lis,4649,0.4,0,0,0,0,0,0,0,1,0,0,0
510,uzkurināt,K3.ināt,4627,1.0,0,0,0,0,1,0,0,0,0,0,0
511,гитлер,Rus,4606,0.7,0,0,0,0,0,1,0,0,0,0,0
512,zvērīgs,Īp.s,4586,0.4,0,0,0,0,0,0,1,0,0,0,0
513,суд,Rus,4567,0.4,0,0,0,0,0,0,1,0,0,0,0
514,aizliegšana,D4.a,4556,1.0,0,0,0,0,1,0,0,0,0,0,0
515,aizvainojums,D1.s,4555,0.7,0,0,1,0,0,0,0,0,0,0,0
516,apmirt,K1.t.stu.u,4544,1.0,0,0,0,0,1,0,0,0,0,0,0
517,режим,Rus,4544,0.7,0,0,1,0,0,0,0,0,0,0,0
518,krievžīds,D1.s,4543,0.55,1,1,0,0,0,0,0,0,0,0,0
519,paņirgāties,K2.ties,4515,1.0,0,0,0,0,1,0,0,0,0,0,0
520,mahinators,D1.s,4507,0.7,0,0,1,0,0,0,0,0,0,0,0
521,kaitniecība,D4.a,4476,1.0,0,0,0,0,1,0,0,0,0,0,0
522,apkaunojošs,Īp.s,4434,0.7,0,0,0,0,0,0,0,0,1,0,0
523,saindēts,Īp.s,4352,1.0,0,0,0,0,1,0,0,0,0,0,0
524,нацист,Rus,4297,0.4,0,1,0,0,0,0,0,0,0,0,0
525,пропаганда,Rus,4277,0.4,0,0,0,0,0,0,1,0,0,0,0
526,майдан,Rus,4253,0.4,0,0,0,0,0,0,1,0,0,0,0
527,aizvainots,Īp.s,4244,0.7,0,0,1,0,0,0,0,0,0,0,0
528,sagrūt,K1.ūt.ūstu.uvu,4221,1.0,0,0,0,0,1,0,0,0,0,0,0
529,sagrāve,D5.e,4213,1.0,0,0,0,0,1,0,0,0,0,0,0
530,iekarotājs,D1.s,4197,0.4,0,0,0,0,0,0,0,1,0,0,0
531,necienīgs,Īp.s,4175,0.7,0,0,0,0,0,0,0,0,1,0,0
532,nošaušana,D4.a,4171,1.0,0,0,0,0,1,0,0,0,0,0,0
533,autoritārs,Īp.s,4169,0.7,0,0,1,0,0,0,0,0,0,0,0
534,jākaro,Fix,4092,1.0,0,0,0,1,0,0,0,0,0,0,0
535,nolāpīts,Īp.s,4086,1.0,0,0,0,0,1,0,0,0,0,0,0
536,šaujamierocis,D2.cis,4072,0.4,0,0,0,0,0,0,0,1,0,0,0
537,krāpšanās,DR.šanās,4071,0.7,0,0,1,0,0,0,0,0,0,0,0
538,aizskarts,Īp.s,4062,1.0,0,0,0,0,1,0,0,0,0,0,0
539,jāsit,Fix,4054,1.0,0,0,0,1,0,0,0,0,0,0,0
540,miršana,D4.a,4048,0.4,0,0,0,0,0,0,1,0,0,0,0
541,agresivitāte,D5.e,4043,0.4,0,0,0,0,0,0,1,0,0,0,0
542,sātanists,D1.s,4000,0.4,0,0,0,0,0,0,1,0,0,0,0
543,nīst,K1.st.stu.du,3987,1.0,0,0,0,0,0,0,0,0,0,1,0
544,kapracis,D2.cis,3982,0.4,0,0,0,0,0,0,1,0,0,0,0
545,huligānisms,D1.s,3980,0.4,0,0,0,0,0,0,1,0,0,0,0
546,sacelšanās,DR.šanās,3937,1.0,0,0,0,0,1,0,0,0,0,0,0
547,батальон,Rus,3922,0.4,0,0,0,0,0,0,0,1,0,0,0
548,saplosīt,K3.īt,3914,1.0,0,0,0,0,1,0,0,0,0,0,0
549,lamatas,D4.as,3900,1.0,0,0,0,0,1,0,0,0,0,0,0
550,шок,Rus,3895,0.4,0,0,0,0,0,0,1,0,0,0,0
551,neciešams,Īp.s,3884,0.4,0,0,0,0,0,0,1,0,0,0,0
552,spiegot,K2.t,3876,0.4,0,0,0,0,0,0,0,1,0,0,1
553,kalpošana,D4.a,3855,0.7,0,0,1,0,0,0,0,0,0,0,0
554,удар,Rus,3839,1.0,0,0,0,0,1,0,0,0,0,0,0
555,jānodod,Fix,3830,1.0,0,0,0,1,0,0,0,0,0,0,0
556,lobēts,Īp.s,3797,0.7,0,0,1,0,0,0,0,0,0,0,0
557,kukuļņēmējs,D1.s,3793,0.7,0,0,1,0,0,0,0,0,0,0,0
558,nosists,Īp.s,3788,1.0,0,0,0,0,1,0,0,0,0,0,0
559,huligāne,D5.e,3787,0.4,0,0,0,0,0,0,1,0,0,0,0
560,patriekts,Īp.s,3779,1.0,0,0,0,0,1,0,0,0,0,0,0
561,inkvizīcija,D4.a,3776,0.4,0,0,0,0,0,0,1,0,0,0,0
562,alkašs,D1.s,3774,0.4,0,1,0,0,0,0,0,0,0,0,0
563,apkaunojums,D1.s,3763,0.7,0,0,0,0,0,0,0,0,1,0,0
564,kapitālistisks,Īp.s,3750,0.7,0,0,1,0,0,0,0,0,0,0,0
565,aptīrīt,K3.īt,3747,1.0,0,0,0,0,1,0,0,0,0,0,0
566,iznīcinātāja,D4.a,3726,1.0,0,0,0,0,1,0,0,0,0,0,0
567,āpsis,D2.sis,3709,0.4,0,1,0,0,0,0,0,0,0,0,0
568,huligāns,D1.s,3707,0.4,0,0,0,0,0,0,1,0,0,0,0
569,apdirsties,K1.sties.šos.sos,3699,0.4,0,0,0,0,0,0,1,0,0,0,0
570,jāšauj,Fix,3699,1.0,0,0,0,1,0,0,0,0,0,0,0
571,kapitālists,D1.s,3690,0.7,0,0,1,0,0,0,0,0,0,0,0
572,mauka,D4.a,3689,0.4,0,1,0,0,0,0,0,0,0,0,0
573,nolādēt,K2.t,3659,1.0,0,0,0,0,1,0,0,0,0,0,0
574,nozombēt,K2.t,3619,1.0,0,0,0,0,1,0,0,0,0,0,0
575,aplaupīšana,D4.a,3563,1.0,0,0,0,0,1,0,0,0,0,0,0
576,koruptīvs,Īp.s,3562,0.7,0,0,1,0,0,0,0,0,0,0,0
577,преступление,Rus,3561,0.4,0,0,0,0,0,0,1,0,0,0,0
578,aiztīties,K1.īties.inos.inos,3522,1.0,0,0,0,0,1,0,0,0,0,0,0
579,krāpniecība,D4.a,3520,0.7,0,0,1,0,0,0,0,0,0,0,0
580,spridzināšana,D4.a,3510,0.4,0,0,0,0,0,0,0,1,0,0,0
581,afērists,D1.s,3498,0.7,0,0,1,0,0,0,0,0,0,0,0
582,alkāns,D1.s,3497,0.4,0,1,0,0,0,0,0,0,0,0,0
583,kukuļot,K2.t,3492,0.7,0,0,1,0,0,0,0,0,0,0,0
584,riebeklis,D2.lis,3483,0.4,0,1,0,0,0,0,0,0,0,0,0
585,жертва,Rus,3470,0.7,0,0,1,0,0,0,0,0,0,0,0
586,parazītisks,Īp.s,3466,0.7,0,0,1,0,0,0,0,0,1,0,0
587,оборона,Rus,3462,0.4,0,0,0,0,0,0,0,1,0,0,0
588,сбить,Rus,3458,1.0,0,0,0,0,1,0,0,0,0,0,0
589,bandītisms,D1.s,3457,0.4,0,0,0,0,0,0,1,0,0,0,0
590,jādzen,Fix,3433,1.0,0,0,0,1,0,0,0,0,0,0,0
591,korumpētība,D4.a,3393,0.7,0,0,1,0,0,0,0,0,0,0,0
592,cietsirdīgs,Īp.s,3387,0.4,0,0,0,0,0,0,1,0,0,0,0
593,kriminālnoziedznieks,D1.s,3364,0.4,0,0,0,0,0,0,1,0,0,0,0
594,сталина,Rus,3357,0.7,0,0,0,0,0,1,0,0,0,0,0
595,kretīnisks,Īp.s,3355,0.4,0,1,0,0,0,0,0,0,0,0,0
596,cionisms,D1.s,3349,0.7,1,0,0,0,0,0,0,0,0,0,0
597,валить,Rus,3307,1.0,0,0,0,0,1,0,0,0,0,0,0
598,угроза,Rus,3306,1.0,0,0,0,0,1,0,0,0,0,0,0
599,apdirst,K1.st.šu.su,3296,0.4,0,0,0,0,0,0,1,0,0,0,0
600,kastrēt,K2.t,3296,1.0,0,0,0,1,1,0,0,0,0,0,0
601,postošs,Īp.s,3290,0.4,0,0,0,0,0,0,1,0,0,0,0
602,izvarotāja,D4.a,3287,1.0,0,0,0,0,1,0,0,0,0,0,0
603,moceklis,D2.lis,3286,0.4,0,0,0,0,0,0,1,0,0,0,0
604,linča,D4.a,3244,1.0,0,0,0,0,1,0,0,0,0,0,0
605,izkropļots,Īp.s,3241,0.4,0,0,0,0,0,0,1,0,0,0,0
606,izdauzīt,K3.īt,3235,1.0,0,0,0,0,1,0,0,0,0,0,0
607,уничтожить,Rus,3233,1.0,0,0,0,0,1,0,0,0,0,0,0
608,раба,Rus,3229,0.7,0,0,1,0,0,0,0,0,0,0,0
609,боевой,Rus,3220,0.4,0,0,0,0,0,0,0,1,0,0,0
610,lamāšanās,DR.šanās,3204,1.0,0,0,0,0,1,0,0,0,0,0,0
611,судить,Rus,3165,0.4,0,0,0,0,0,0,1,0,0,0,0
613,apmuļķot,K2.t,3101,0.7,0,0,1,0,0,0,0,0,0,0,0
614,kūdīšana,D4.a,3084,1.0,0,0,0,0,1,0,0,0,0,0,0
615,sātanisks,Īp.s,3079,0.4,0,0,0,0,0,0,1,0,0,0,0
616,kampt,K1.pt.pju.pu,3077,1.0,0,0,0,0,1,0,0,0,0,0,0
617,убийство,Rus,3077,1.0,0,0,0,0,1,0,0,0,0,0,0
618,генерал,Rus,3073,0.4,0,0,0,0,0,0,0,1,0,0,0
619,cietēja,D4.a,3065,0.55,0,0,1,0,0,0,1,0,0,0,0
620,izkrāpts,Īp.s,3059,0.7,0,0,1,0,0,0,0,0,0,0,0
621,pediņš,D1.š,3058,0.4,0,1,0,0,0,0,0,0,0,0,0
622,huiņa,D4.a,3038,0.4,0,1,0,0,0,0,0,0,0,0,0
623,aplaupīts,Īp.s,3005,1.0,0,0,0,0,1,0,0,0,0,0,0
624,kaitīgums,D1.s,3003,0.85,0,0,1,0,1,0,0,0,0,0,0
625,nokauts,Īp.s,2996,1.0,0,0,0,0,1,0,0,0,0,0,0
626,nacionālistisks,Īp.s,2987,0.4,0,0,0,0,0,0,1,0,0,0,0
627,apkrāpts,Īp.s,2984,0.7,0,0,1,0,0,0,0,0,0,0,0
628,maucējs,D1.s,2950,0.4,0,0,0,0,0,0,1,0,0,0,0
629,apsprāgt,K1.gt.gstu.gu,2943,1.0,0,0,0,0,1,0,0,0,0,0,0
630,идиот,Rus,2926,0.4,0,1,0,0,0,0,0,0,0,0,0
631,uzpirkšana,D4.a,2915,0.7,0,0,1,0,0,0,0,0,1,0,0
632,manipulējams,Īp.s,2903,0.7,0,0,1,0,0,0,0,0,0,0,0
633,kaitnieks,D1.s,2892,1.0,0,0,0,0,1,0,0,0,0,0,0
634,bezdēt,K3.ēt,2891,0.4,0,0,0,0,0,0,1,0,0,0,0
635,aizskaršana,D4.a,2877,1.0,0,0,0,0,1,0,0,0,0,0,0
636,agresorvalsts,D6.s,2843,0.4,0,0,0,0,0,0,1,0,0,0,0
637,galvaskauss,D1.s,2827,0.4,0,0,0,0,0,0,1,0,0,0,0
638,sabotāža,D4.a,2827,1.0,0,0,0,0,1,0,0,0,0,0,0
639,kverplis,D2.lis,2815,0.4,0,1,0,0,0,0,0,0,0,0,0
640,nomocīt,K3.cīt,2807,1.0,0,0,0,0,1,0,0,0,0,0,0
641,кризис,Rus,2798,0.1,0,0,0,0,0,0,0,0,0,0,0
642,runga,D4.a,2792,0.4,0,0,0,0,0,0,1,0,0,0,0
643,privatizēts,Īp.s,2789,0.7,0,0,1,0,0,0,0,0,0,0,0
644,aizmālēšana,D4.a,2785,0.7,0,0,1,0,0,0,0,0,0,0,0
645,paverdzināšana,D4.a,2781,0.7,0,0,1,0,0,0,0,0,0,0,0
646,joske,D5.e,2768,0.7,1,0,0,0,0,0,0,0,0,0,0
647,izkrāpšana,D4.a,2758,0.7,0,0,1,0,0,0,0,0,0,0,0
648,niknums,D1.s,2746,1.0,0,0,0,0,0,0,0,0,0,1,0
649,обстрел,Rus,2745,0.4,0,0,0,0,0,0,0,1,0,0,0
650,sitējs,D1.s,2732,1.0,0,0,0,0,1,0,0,0,0,0,0
651,iedurt,K1.urt.uru.ūru,2728,1.0,0,0,0,0,1,0,0,0,0,0,0
652,lielgabalgaļa,D4.a,2723,0.4,0,0,0,0,0,0,1,0,0,0,0
653,riebeklība,D4.a,2720,0.4,0,1,0,0,0,0,0,0,0,0,0
654,дурак,Rus,2717,0.4,0,1,0,0,0,0,0,0,0,0,0
655,samalt,K1.lt.ļu.lu,2707,1.0,0,0,0,0,1,0,0,0,0,0,0
656,homītis,D2.tis,2688,0.55,1,1,0,0,0,0,0,0,0,0,0
657,kūdītājs,D1.s,2687,1.0,0,0,0,0,1,0,0,0,0,0,0
658,dedzinātājs,D1.s,2673,1.0,0,0,0,0,1,0,0,0,0,0,0
659,kukuļņemšana,D4.a,2657,0.7,0,0,1,0,0,0,0,0,0,0,0
660,sakropļot,K2.t,2645,1.0,0,0,0,1,1,0,0,0,0,0,0
661,kukuļošana,D4.a,2614,0.7,0,0,1,0,0,0,0,0,0,0,0
662,быдло,Rus,2613,0.55,1,1,0,0,0,0,0,0,0,0,0
664,nesodāmība,D4.a,2584,0.7,0,0,1,0,0,0,0,0,0,0,0
665,bendēt,K2.t,2568,0.4,0,0,0,0,0,0,1,0,0,0,0
666,kretīnisms,D1.s,2565,0.4,0,1,0,0,0,0,0,0,0,0,0
667,душить,Rus,2563,1.0,0,0,0,0,1,0,0,0,0,0,0
668,salaupīts,Īp.s,2550,1.0,0,0,0,0,1,0,0,0,0,0,0
669,mocības,D4.as,2543,0.4,0,0,0,0,0,0,1,0,0,0,0
670,centrālcietums,D1.s,2540,0.4,0,0,0,0,0,0,1,0,0,0,0
671,aizmālēt,K2.t,2531,0.7,0,0,1,0,0,0,0,0,0,0,0
672,debīlisms,D1.s,2527,0.4,0,1,0,0,0,0,0,0,0,0,0
673,jānošauj,Fix,2511,1.0,0,0,0,1,0,0,0,0,0,0,0
674,svensons,D1.s,2497,0.7,1,0,0,0,0,0,0,0,0,0,0
675,apklusināt,K3.ināt,2496,1.0,0,0,0,0,1,0,0,0,0,0,0
676,ненавидеть,Rus,2495,1.0,0,0,0,0,0,0,0,0,0,1,0
677,ķengāt,K2.t,2487,1.0,0,0,0,0,1,0,0,0,0,0,0
678,kriminālnoziegums,D1.s,2468,0.4,0,0,0,0,0,0,1,0,0,0,0
679,ekstrēmists,D1.s,2456,0.4,0,0,0,0,0,0,1,0,0,0,0
680,bezpriģels,D1.s,2448,0.4,0,0,0,0,0,0,1,0,0,0,0
681,kautuve,D5.e,2436,0.4,0,0,0,0,0,0,1,0,0,0,0
682,izkropļot,K2.t,2427,0.4,0,0,0,0,0,0,1,0,0,0,0
683,adrenalīns,D1.s,2408,0.4,0,0,0,0,0,0,1,0,0,0,0
684,iznīdēts,Īp.s,2403,1.0,0,0,0,0,1,0,0,0,0,0,0
685,sorosietis,D2.tis,2402,0.7,1,0,0,0,0,0,0,0,0,0,0
686,satricinājums,D1.s,2400,1.0,0,0,0,0,1,0,0,0,0,0,0
687,virca,D4.a,2391,0.4,0,0,0,0,0,0,1,0,0,0,0
688,izdemolēt,K2.t,2383,1.0,0,0,0,0,1,0,0,0,0,0,0
689,вор,Rus,2381,0.7,0,0,1,0,0,0,0,0,1,0,0
690,nolinčot,K2.t,2380,1.0,0,0,0,0,1,0,0,0,0,0,0
691,вооружение,Rus,2376,0.4,0,0,0,0,0,0,0,1,0,0,0
692,jānovāc,Fix,2359,1.0,0,0,0,1,0,0,0,0,0,0,0
693,izmēzt,K1.zt.žu.zu,2357,1.0,0,0,0,0,1,0,0,0,0,0,0
694,sterva,D4.a,2341,0.4,0,1,0,0,0,0,0,0,0,0,0
695,военнослужащий,Rus,2338,0.4,0,0,0,0,0,0,0,1,0,0,0
696,kalpone,D5.e,2324,0.7,0,0,1,0,0,0,0,0,0,0,0
697,nīdēt,K2.t,2316,1.0,0,0,0,0,1,0,0,0,0,0,0
698,diršana,D4.a,2310,0.4,0,0,0,0,0,0,1,0,0,0,0
699,izkratīt,K3.īt,2309,1.0,0,0,0,0,1,0,0,0,0,0,0
700,jāklapē,Fix,2309,1.0,0,0,0,1,0,0,0,0,0,0,0
701,žņaugt,K1.gt.dzu.dzu,2298,1.0,0,0,0,1,1,0,0,0,0,0,0
702,šķēps,D1.s,2282,0.4,0,0,0,0,0,0,0,1,0,0,0
703,бояться,Rus,2278,0.7,0,0,0,0,0,0,1,0,0,1,0
704,бомбить,Rus,2274,0.7,0,0,0,0,1,0,0,1,0,0,0
705,iegrūsts,Īp.s,2264,1.0,0,0,0,0,1,0,0,0,0,0,0
706,pederastija,D4.a,2263,0.7,1,0,0,0,0,0,0,0,0,0,0
707,afēriste,D5.e,2251,0.7,0,0,1,0,0,0,0,0,0,0,0
708,sakūdīt,K3.īt,2244,1.0,0,0,0,0,1,0,0,0,0,0,0
709,ķenga,D4.a,2225,0.4,0,0,0,0,0,0,1,0,0,0,0
710,gēbelss,D1.s,2217,0.7,0,0,0,0,0,1,0,0,0,0,0
711,уничтожение,Rus,2215,1.0,0,0,0,0,1,0,0,0,0,0,0
712,iekarotāja,D4.a,2198,0.4,0,0,0,0,0,0,0,1,0,0,0
713,maucība,D4.a,2191,0.7,0,0,0,0,0,0,0,0,1,0,0
714,sadurt,K1.urt.uru.ūru,2186,1.0,0,0,0,1,1,0,0,0,0,0,0
715,атака,Rus,2146,0.7,0,0,1,0,1,0,0,1,0,0,0
716,apkāst,K1.st.šu.su,2136,0.7,0,0,1,0,0,0,0,0,0,0,0
717,noziegties,K1.gties.dzos.dzos,2136,0.7,0,0,1,0,0,0,0,0,0,0,0
718,aunapiere,D5.e,2133,0.4,0,1,0,0,0,0,0,0,0,0,0
719,pretīgums,D1.s,2113,0.7,0,0,0,0,0,0,0,0,1,0,0
720,захватить,Rus,2108,1.0,0,0,0,0,1,0,0,0,0,0,0
721,фронт,Rus,2101,0.4,0,0,0,0,0,0,0,1,0,0,0
722,националист,Rus,2084,0.4,0,0,0,0,0,0,1,0,0,0,0
723,ņirga,D4.a,2074,1.0,0,0,0,0,1,0,0,0,0,0,0
724,nožmiegt,K1.gt.dzu.dzu,2068,1.0,0,0,0,0,1,0,0,0,0,0,0
725,умереть,Rus,2063,0.4,0,0,0,0,0,0,1,0,0,0,0
726,degšana,D4.a,2061,1.0,0,0,0,0,1,0,0,0,0,0,0
727,kaitniecisks,Īp.s,2058,1.0,0,0,0,0,1,0,0,0,0,0,0
728,ķengāties,K2.ties,2057,1.0,0,0,0,0,1,0,0,0,0,0,0
729,кровь,Rus,2050,0.4,0,0,0,0,0,0,1,0,0,0,0
730,ненависть,Rus,2047,1.0,0,0,0,0,0,0,0,0,0,1,0
731,kaklakungs,D1.s,2039,0.7,0,0,1,0,0,0,0,0,0,0,0
732,apzadzējs,D1.s,2033,0.85,0,0,1,0,1,0,0,0,0,0,0
733,хунта,Rus,2030,0.4,0,0,0,0,0,0,0,1,0,0,0
734,bardzība,D4.a,2028,1.0,0,0,0,0,1,0,0,0,0,0,0
735,apzagties,K1.agties.ogos.agos,2008,0.85,0,0,1,0,1,0,0,0,0,0,0
736,nepiedodams,Īp.s,2006,0.4,0,0,0,0,0,0,1,0,0,0,0
737,kropļošana,D4.a,1990,1.0,0,0,0,0,1,0,0,0,0,0,0
738,mocīšana,D4.a,1973,1.0,0,0,0,0,1,0,0,0,0,0,0
739,тюрьма,Rus,1959,0.4,0,0,0,0,0,0,1,0,0,0,0
740,бомба,Rus,1948,0.4,0,0,0,0,0,0,0,1,0,0,0
741,дивизия,Rus,1948,0.4,0,0,0,0,0,0,0,1,0,0,0
742,alkāne,D5.e,1947,0.4,0,1,0,0,0,0,0,0,0,0,0
743,противник,Rus,1940,0.4,0,0,0,0,0,0,0,1,0,0,0
744,урод,Rus,1938,0.55,1,1,0,0,0,0,0,0,0,0,0
745,bastards,D1.s,1936,0.4,0,1,0,0,0,0,0,0,0,0,0
747,uguņošana,D4.a,1930,0.4,0,0,0,0,0,0,1,0,0,0,0
748,убивать,Rus,1927,1.0,0,0,0,0,1,0,0,0,0,0,0
749,sātanisms,D1.s,1918,0.4,0,0,0,0,0,0,1,0,0,0,0
751,jāpiedzen,Fix,1901,1.0,0,0,0,1,0,0,0,0,0,0,0
752,jāgriež,Fix,1898,1.0,0,0,0,1,0,0,0,0,0,0,0
753,вторжение,Rus,1895,1.0,0,0,0,0,1,0,0,0,0,0,0
754,paverdzināts,Īp.s,1892,0.7,0,0,1,0,0,0,0,0,0,0,0
755,sliktums,D1.s,1891,0.7,0,0,0,0,0,0,0,0,1,0,0
756,нарушение,Rus,1885,0.7,0,0,1,0,0,0,0,0,1,0,0
757,jāgāž,Fix,1882,1.0,0,0,0,0,1,0,0,0,0,0,0
758,убийца,Rus,1838,1.0,0,0,0,0,1,0,0,0,0,0,0
759,aizšaut,K1.aut.auju.āvu,1829,1.0,0,0,0,0,1,0,0,0,0,0,0
760,офицер,Rus,1813,0.4,0,0,0,0,0,0,0,1,0,0,0
761,apmīzties,K1.zties.žos.zos,1805,0.4,0,0,0,0,0,0,1,0,0,0,0
762,нападение,Rus,1802,1.0,0,0,0,0,1,0,0,0,0,0,0
763,apčakarēts,Īp.s,1794,0.7,0,0,1,0,0,0,0,0,0,0,0
764,смерть,Rus,1790,0.4,0,0,0,0,0,0,1,0,0,0,0
765,mankurts,D1.s,1788,0.1,0,0,0,0,0,0,0,0,0,0,1
766,протест,Rus,1782,1.0,0,0,0,0,1,0,0,0,0,0,0
767,бред,Rus,1778,0.7,0,0,0,0,0,0,0,0,1,0,0
768,бандит,Rus,1767,0.7,0,0,0,0,1,0,1,0,0,0,0
769,говно,Rus,1756,0.4,0,1,0,0,0,0,0,0,0,0,0
770,debilizācija,D4.a,1743,0.4,0,0,0,0,0,0,1,0,0,0,0
771,ņirdzīgs,Īp.s,1738,1.0,0,0,0,0,1,0,0,0,0,0,0
772,žmiegt,K1.gt.dzu.dzu,1725,0.1,0,0,0,0,0,0,0,0,0,0,0
773,позор,Rus,1725,0.7,0,0,0,0,0,0,0,0,1,0,0
774,ложь,Rus,1723,1.0,0,0,0,0,1,0,0,0,0,0,0
776,kaušana,D4.a,1698,1.0,0,0,0,0,1,0,0,0,0,0,0
777,проклятый,Rus,1693,0.85,0,0,0,0,1,0,0,0,1,0,0
778,бороться,Rus,1685,0.4,0,0,0,0,0,0,1,0,0,0,0
779,сепаратист,Rus,1679,0.4,0,0,0,0,0,0,1,0,0,0,0
780,олигарх,Rus,1673,0.7,0,0,1,0,0,0,0,0,0,0,0
781,agonēt,K2.t,1656,0.4,0,0,0,0,0,0,1,0,0,0,0
782,sodāmība,D4.a,1638,0.4,0,0,0,0,0,0,1,0,0,0,0
783,геноцид,Rus,1631,0.4,0,0,0,0,0,0,0,1,0,0,0
784,теракт,Rus,1627,0.4,0,0,0,0,0,0,0,1,0,0,0
785,demolēšana,D4.a,1619,1.0,0,0,0,0,1,0,0,0,0,0,0
786,переворот,Rus,1616,0.4,0,0,0,0,0,0,0,1,0,0,0
787,силовик,Rus,1613,0.4,0,0,0,0,0,0,0,1,0,0,0
788,kalaša,D4.a,1612,0.4,0,0,0,0,0,0,1,1,0,0,0
789,saindēšanās,DR.šanās,1609,1.0,0,0,0,0,1,0,0,0,0,0,0
790,kovidiots,D1.s,1606,0.4,0,1,0,0,0,0,0,0,0,0,0
791,karagūsteknis,D2.nis,1600,0.4,0,0,0,0,0,0,0,1,0,0,0
794,iznīdēšana,D4.a,1580,1.0,0,0,0,0,1,0,0,0,0,0,0
795,ekstrēmiste,D5.e,1577,0.4,0,0,0,0,0,0,1,0,0,0,0
796,kriminālists,D1.s,1573,0.4,0,0,0,0,0,0,1,0,0,0,0
797,izkastrēt,K2.t,1572,1.0,0,0,0,1,0,0,0,0,0,0,0
798,свинья,Rus,1563,0.4,0,1,0,0,0,0,0,0,0,0,0
799,nepieņemts,Īp.s,1561,0.7,0,0,0,0,0,0,0,0,1,0,0
800,беда,Rus,1560,0.7,0,0,0,0,0,0,1,0,0,1,0
801,sašmucēties,K2.ties,1555,0.7,0,0,0,0,0,0,0,0,1,0,0
802,спецслужба,Rus,1549,0.4,0,0,0,0,0,0,0,1,0,0,0
804,полицейский,Rus,1527,0.4,0,0,0,0,0,0,1,0,0,0,0
805,дебил,Rus,1526,0.4,0,1,0,0,0,0,0,0,0,0,0
807,преступник,Rus,1516,0.55,0,0,0,0,0,0,1,0,1,0,0
808,kretinēt,K2.t,1512,1.0,0,0,0,0,1,0,0,0,0,0,0
809,noziedzniece,D5.e,1508,0.7,0,0,1,0,0,0,0,0,0,0,0
810,русофоб,Rus,1494,0.7,1,0,0,0,0,0,0,0,0,0,0
811,полиция,Rus,1490,0.4,0,0,0,0,0,0,1,0,0,0,0
812,parazitējošs,Īp.s,1478,0.7,0,0,1,0,0,0,0,0,1,0,0
813,орда,Rus,1473,0.4,0,0,0,0,0,0,0,1,0,0,0
816,dirsējs,D1.s,1434,0.4,0,1,0,0,0,0,0,0,0,0,0
817,мигрант,Rus,1433,0.7,1,0,0,0,0,0,0,0,0,0,0
818,катастрофа,Rus,1427,0.4,0,0,0,0,0,0,1,0,0,0,0
819,поражение,Rus,1426,0.7,0,0,0,0,1,0,0,1,0,0,0
820,aizskārums,D1.s,1421,1.0,0,0,0,0,1,0,0,0,0,0,0
821,захват,Rus,1409,1.0,0,0,0,0,1,0,0,0,0,0,0
822,оккупация,Rus,1408,0.4,0,0,0,0,0,0,1,0,0,0,0
823,jānomirst,Fix,1404,1.0,0,0,0,1,0,0,0,0,0,0,0
825,induss,D1.s,1396,0.7,1,0,0,0,0,0,0,0,0,0,0
826,nedraugs,D1.s,1396,0.4,0,0,0,0,0,0,1,0,0,0,0
827,труп,Rus,1382,0.4,0,0,0,0,0,0,1,0,0,0,0
828,страхов,Rus,1381,1.0,0,0,0,0,0,0,0,0,0,1,0
829,aizmālēts,Īp.s,1377,0.7,0,0,1,0,0,0,0,0,0,0,0
830,nosmakt,K1.kt.kstu.ku,1352,1.0,0,0,0,0,1,0,0,0,0,0,0
831,pāridarījums,D1.s,1341,0.7,0,0,1,0,0,0,0,0,0,0,0
832,ужас,Rus,1337,1.0,0,0,0,0,0,0,0,0,0,1,0
833,разведка,Rus,1336,0.4,0,0,0,0,0,0,0,1,0,0,0
834,čigāniete,D5.e,1333,0.7,1,0,0,0,0,0,0,0,0,0,0
835,neliete,D5.e,1331,0.7,0,0,0,0,0,0,0,0,1,0,0
836,kukuļņēmēja,D4.a,1330,0.7,0,0,1,0,0,0,0,0,0,0,0
837,баба,Rus,1322,0.55,1,1,0,0,0,0,0,0,0,0,0
838,кацап,Rus,1312,0.4,0,1,0,0,0,0,0,0,0,0,0
839,жопа,Rus,1310,0.4,0,1,0,0,0,0,0,0,0,0,0
840,biedinājums,D1.s,1304,1.0,0,0,0,0,1,0,0,0,0,0,0
841,nolikvidēts,Īp.s,1303,1.0,0,0,0,0,1,0,0,0,0,0,0
842,агрессор,Rus,1295,0.85,0,0,1,0,0,0,0,0,0,1,0
843,duelis,D2.lis,1278,0.4,0,0,0,0,0,0,1,0,0,0,0
844,sabotēt,K2.t,1278,1.0,0,0,0,0,1,0,0,0,0,0,0
845,легионер,Rus,1272,0.4,0,0,0,0,0,0,0,1,0,0,0
846,krople,D5.e,1268,0.55,1,1,0,0,0,0,0,0,0,0,0
847,pāridarītājs,D1.s,1262,0.7,0,0,1,0,0,0,0,0,0,0,0
848,izņirgāties,K2.ties,1256,1.0,0,0,0,0,1,0,0,0,0,0,0
849,национал,Rus,1255,0.4,0,1,0,0,0,0,1,0,0,0,0
850,терроризм,Rus,1253,0.4,0,0,0,0,0,0,0,1,0,0,0
851,голод,Rus,1231,0.4,0,0,0,0,0,0,1,0,0,0,0
852,pļauka,D4.a,1206,0.4,0,0,0,0,0,0,1,0,0,0,0
853,nešķīsts,Īp.s,1205,0.7,0,0,0,0,0,0,0,0,1,0,0
854,samalts,Īp.s,1205,1.0,0,0,0,0,1,0,0,0,0,0,0
855,piedrāzt,K1.zt.žu.zu,1203,1.0,0,0,0,0,1,0,0,0,0,0,0
856,provokātors,D1.s,1199,0.4,0,0,0,0,0,0,1,0,0,0,0
857,jāvergo,Fix,1194,1.0,0,0,0,1,0,0,0,0,0,0,0
858,ада,Rus,1188,0.4,0,0,0,0,0,0,1,0,0,0,0
859,daune,D5.e,1185,0.4,0,1,0,0,0,0,0,0,0,0,0
861,mauķele,D5.e,1185,0.4,0,1,0,0,0,0,0,0,0,0,0
863,рабство,Rus,1180,0.7,1,0,1,0,0,0,0,0,0,0,0
864,covidiots,D1.s,1170,0.4,0,1,0,0,0,0,0,0,0,0,0
865,mānīties,K3.īties,1168,0.7,0,0,1,0,0,0,0,0,0,0,0
866,izdupsēt,K2.t,1161,1.0,0,0,0,0,1,0,0,0,0,0,0
867,izslaukt,K1.kt.cu.cu,1161,0.1,0,0,0,0,0,0,0,0,0,0,0
868,pamuļķe,D5.e,1160,0.4,0,1,0,0,0,0,0,0,0,0,0
869,dauzīšana,D4.a,1156,1.0,0,0,0,0,1,0,0,0,0,0,0
870,обвинение,Rus,1155,0.85,0,0,0,0,1,0,0,0,1,0,0
871,manipulēšana,D4.a,1140,0.7,0,0,1,0,0,0,0,0,0,0,0
872,взрыв,Rus,1138,0.4,0,0,0,0,0,0,0,1,0,0,0
873,дерьмо,Rus,1138,0.4,0,1,0,0,0,0,0,0,0,0,0
874,izdurt,K1.urt.uru.ūru,1133,1.0,0,0,0,0,1,0,0,0,0,0,0
875,насилие,Rus,1130,1.0,0,0,0,0,1,0,0,0,0,0,0
876,клоун,Rus,1129,0.7,0,0,0,0,0,0,0,0,1,0,0
878,плевать,Rus,1121,1.0,0,0,0,0,0,0,0,0,0,1,0
879,karalauks,D1.s,1110,0.4,0,0,0,0,0,0,0,1,0,0,0
880,полковник,Rus,1110,0.4,0,0,0,0,0,0,0,1,0,0,0
881,боеприпас,Rus,1107,0.4,0,0,0,0,0,0,0,1,0,0,0
882,liekule,D5.e,1101,0.7,0,0,0,0,0,0,0,0,1,0,0
883,хрен,Rus,1096,0.4,0,1,0,0,0,0,0,0,0,0,0
884,обвинить,Rus,1094,0.85,0,0,0,0,1,0,0,0,1,0,0
885,verdzene,D5.e,1091,0.7,0,0,1,0,0,0,0,0,0,0,0
886,гроб,Rus,1088,0.4,0,0,0,0,0,0,1,0,0,0,0
887,apkrāpšana,D4.a,1086,0.7,0,0,1,0,0,0,0,0,0,0,0
888,kaušanās,DR.šanās,1086,1.0,0,0,0,0,1,0,0,0,0,0,0
889,банда,Rus,1086,0.4,0,0,0,0,0,0,1,0,0,0,0
890,скот,Rus,1086,0.4,0,1,0,0,0,0,0,0,0,0,0
891,amputēt,K2.t,1080,1.0,0,0,0,0,1,0,0,0,0,0,0
892,iezombēts,Īp.s,1079,1.0,0,0,0,0,1,0,0,0,0,0,0
893,вина,Rus,1076,0.1,0,0,0,0,0,0,0,0,0,0,0
894,parazitēšana,D4.a,1066,0.7,0,0,1,0,0,0,0,0,1,0,0
895,kalpība,D4.a,1064,0.7,0,0,1,0,0,0,0,0,0,0,0
896,нацизм,Rus,1063,0.4,0,0,0,0,0,0,1,0,0,0,0
897,kūtspakaļa,D4.a,1060,0.4,0,1,0,0,0,0,0,0,0,0,0
898,ранение,Rus,1052,0.4,0,0,0,0,0,0,1,0,0,0,0
899,сдохнуть,Rus,1047,1.0,0,0,0,0,1,0,0,0,0,0,0
900,nodīrāt,K2.t,1046,1.0,0,0,0,0,1,0,0,0,0,0,0
901,бить,Rus,1046,1.0,0,0,0,0,1,0,0,0,0,0,0
902,lobētājs,D1.s,1040,0.7,0,0,1,0,0,0,0,0,0,0,0
903,pakāršana,D4.a,1040,1.0,0,0,0,0,1,0,0,0,0,0,0
904,задница,Rus,1031,0.4,0,1,0,0,0,0,0,0,0,0,0
905,noasiņot,K2.t,1026,0.4,0,0,0,0,0,0,1,0,0,0,0
906,jādedzina,Fix,1020,1.0,0,0,0,1,0,0,0,0,0,0,0
907,мразь,Rus,1019,0.4,0,1,0,0,0,0,0,0,0,0,0
908,арестовать,Rus,1013,1.0,0,0,0,0,1,0,0,0,0,0,0
909,mēslains,Īp.s,1009,0.4,0,0,0,0,0,0,1,0,0,0,0
911,ivanuška,D4.a,1007,0.7,1,0,0,0,0,0,0,0,0,0,0
912,проститутка,Rus,1006,0.7,1,0,0,0,0,0,0,0,0,0,0
913,расстрел,Rus,1005,0.7,0,0,0,0,1,0,0,1,0,0,0
915,спецназ,Rus,981,0.4,0,0,0,0,0,0,0,1,0,0,0
916,истерика,Rus,976,0.4,0,0,0,0,0,0,1,0,0,0,0
917,посадить,Rus,976,1.0,0,0,0,1,0,0,0,0,0,0,0
918,зады,Rus,966,0.4,0,1,0,0,0,0,0,0,0,0,0
919,pisties,K1.sties.šos.sos,963,0.4,0,1,0,0,0,0,0,0,0,0,0
920,iztrenkāt,K2.t,959,1.0,0,0,0,0,1,0,0,0,0,0,0
921,баран,Rus,954,0.4,0,1,0,0,0,0,0,0,0,0,0
922,дегенерат,Rus,952,0.4,0,1,0,0,0,0,0,0,0,0,0
923,преступный,Rus,951,0.55,0,0,0,0,0,0,1,0,1,0,0
924,шлюха,Rus,949,0.4,0,1,0,0,0,0,0,0,0,0,0
925,чекист,Rus,943,0.4,0,0,0,0,0,0,1,0,0,0,0
926,морда,Rus,936,0.4,0,1,0,0,0,0,0,0,0,0,0
927,пентагон,Rus,926,0.4,0,0,0,0,0,0,0,1,0,0,0
928,сопротивление,Rus,924,1.0,0,0,0,0,1,0,0,0,0,0,0
929,apčakarēšana,D4.a,918,0.7,0,0,1,0,0,0,0,0,0,0,0
930,стрелка,Rus,908,0.4,0,0,0,0,0,0,0,1,0,0,0
931,drāzējs,D1.s,902,1.0,0,0,0,0,1,0,0,0,0,0,0
932,империя,Rus,896,0.4,0,0,0,0,0,0,1,0,0,0,0
933,трусов,Rus,894,0.7,0,0,0,0,0,0,0,0,1,0,0
934,мочить,Rus,892,0.4,0,0,0,0,0,0,0,1,0,0,0
935,nokaušana,D4.a,889,1.0,0,0,0,0,1,0,0,0,0,0,0
936,sitēja,D4.a,889,1.0,0,0,0,0,1,0,0,0,0,0,0
937,паразит,Rus,883,0.6,0,1,1,0,0,0,0,0,1,0,0
938,продажный,Rus,876,0.7,0,0,0,0,0,0,0,0,1,0,1
939,aiztriekt,K1.kt.cu.cu,875,1.0,0,0,0,0,1,0,0,0,0,0,0
940,провокатор,Rus,873,0.7,0,0,0,0,0,0,0,0,0,0,1
941,грабить,Rus,867,0.85,0,0,1,0,1,0,0,0,0,0,0
942,десантник,Rus,862,0.4,0,0,0,0,0,0,0,1,0,0,0
943,скандал,Rus,862,0.4,0,0,0,0,0,0,1,0,0,0,0
944,национализм,Rus,856,0.4,0,0,0,0,0,0,1,0,0,0,0
945,большевик,Rus,854,0.4,0,0,0,0,0,0,1,0,0,0,0
946,бой,Rus,851,0.4,0,0,0,0,0,0,0,1,0,0,0
947,могила,Rus,843,0.4,0,0,0,0,0,0,1,0,0,0,0
948,разрушить,Rus,842,1.0,0,0,0,0,1,0,0,0,0,0,0
949,ворованный,Rus,837,0.7,0,0,1,0,0,0,0,0,0,0,0
950,ликвидировать,Rus,836,1.0,0,0,0,0,1,0,0,0,0,0,0
951,стрелять,Rus,832,0.7,0,0,0,0,1,0,0,1,0,0,0
952,apdullināts,Īp.s,825,1.0,0,0,0,0,1,0,0,0,0,0,0
953,санкция,Rus,825,1.0,0,0,0,0,1,0,0,0,0,0,0
954,террористический,Rus,824,0.4,0,0,0,0,0,0,0,1,0,0,0
956,pēršana,D4.a,822,1.0,0,0,0,0,1,0,0,0,0,0,0
958,грузить,Rus,822,1.0,0,0,0,0,0,0,0,0,0,0,0
959,противный,Rus,819,0.7,0,0,0,0,0,0,0,0,1,0,0
960,легион,Rus,817,0.4,0,0,0,0,0,0,0,1,0,0,0
961,nonicināt,K3.ināt,811,1.0,0,0,0,0,1,0,0,0,0,0,0
962,kaunīgs,Īp.s,809,0.7,0,0,0,0,0,0,0,0,1,0,0
963,прокуратура,Rus,805,0.4,0,0,0,0,0,0,1,0,0,0,0
964,ienaidniece,D5.e,803,0.4,0,0,0,0,0,0,0,1,0,0,0
965,грозить,Rus,803,1.0,0,0,0,0,1,0,0,0,0,0,0
966,трибунал,Rus,803,0.4,0,0,0,0,0,0,0,1,0,0,0
967,мина,Rus,802,0.4,0,0,0,0,0,0,0,1,0,0,0
968,нарушить,Rus,800,0.7,0,0,1,0,0,0,0,0,1,0,0
969,педофил,Rus,800,0.4,0,0,0,0,0,0,1,0,0,0,0
970,воин,Rus,793,0.4,0,0,0,0,0,0,0,1,0,0,0
971,фашистский,Rus,786,0.4,0,0,0,0,0,0,1,0,0,0,0
972,лох,Rus,779,0.4,0,1,0,0,0,0,0,0,0,0,0
973,снайпер,Rus,772,0.4,0,0,0,0,0,0,0,1,0,0,0
974,dirsties,K1.sties.šos.sos,759,0.4,0,0,0,0,0,0,1,0,0,0,0
975,наказание,Rus,757,0.7,0,0,0,0,1,0,1,0,0,0,0
976,разбить,Rus,755,1.0,0,0,0,0,1,0,0,0,0,0,0
977,жид,Rus,753,0.4,0,1,0,0,0,0,0,0,0,0,0
978,корова,Rus,753,0.4,0,1,0,0,0,0,0,0,0,0,0
980,свинопас,Rus,751,0.4,0,1,0,0,0,0,0,0,0,0,0
981,kovidnieks,D1.s,749,0.4,0,1,0,0,0,0,0,0,0,0,0
982,стрельба,Rus,749,0.4,0,0,0,0,0,0,0,1,0,0,0
983,dedzinātāja,D4.a,746,1.0,0,0,0,0,1,0,0,0,0,0,0
984,бомбардировщик,Rus,746,0.4,0,0,0,0,0,0,0,1,0,0,0
985,krāpniece,D5.e,744,0.7,0,0,1,0,0,0,0,0,0,0,0
986,негр,Rus,740,0.7,1,0,0,0,0,0,0,0,0,0,0
987,отобрать,Rus,739,0.7,0,0,1,0,0,0,0,0,0,0,0
988,priduraks,D1.s,738,0.4,0,1,0,0,0,0,0,0,0,0,0
990,врать,Rus,735,0.7,0,0,1,0,0,0,0,0,0,0,0
991,nomaukt,K1.kt.cu.cu,732,1.0,0,0,0,0,1,0,0,0,0,0,0
992,заключение,Rus,729,0.4,0,0,0,0,0,0,1,0,0,0,0
993,злоба,Rus,725,1.0,0,0,0,0,0,0,0,0,0,1,0
994,агрессия,Rus,723,1.0,0,0,0,0,1,0,0,0,0,1,0
995,apkaunots,Īp.s,720,0.7,0,0,0,0,0,0,0,0,1,0,0
996,обмануть,Rus,719,0.8,0,0,1,0,1,0,0,0,0,0,1
997,штурм,Rus,717,0.7,0,0,0,0,1,0,0,1,0,0,0
998,забить,Rus,713,1.0,0,0,0,1,0,0,0,0,0,0,0
999,наплевать,Rus,709,0.7,0,0,1,0,0,0,0,0,0,0,0
1000,рожа,Rus,702,0.4,0,1,0,0,0,0,0,0,0,0,0
1001,kūdītāja,D4.a,699,1.0,0,0,0,0,1,0,0,0,0,0,0
1002,грехов,Rus,696,0.7,0,0,0,0,0,0,0,0,1,0,0
1003,молотовой,Rus,694,0.55,0,0,0,0,0,1,0,1,0,0,0
1004,spiedze,D5.e,692,0.4,0,0,0,0,0,0,0,1,0,0,1
1005,пожар,Rus,687,0.4,0,0,0,0,0,0,1,0,0,0,0
1006,противостояние,Rus,683,1.0,0,0,0,0,1,0,0,0,0,0,0
1007,разрушение,Rus,681,1.0,0,0,0,0,1,0,0,0,0,0,0
1008,jābrēc,Fix,676,1.0,0,0,0,1,0,0,0,0,0,0,0
1009,крест,Rus,676,0.1,0,0,0,0,0,0,0,0,0,0,0
1010,наказать,Rus,673,0.7,0,0,0,0,1,0,1,0,0,0,0
1011,уничтожать,Rus,665,1.0,0,0,0,0,1,0,0,0,0,0,0
1012,нож,Rus,660,0.4,0,0,0,0,0,0,1,0,0,0,0
1013,вооружённый,Rus,656,0.4,0,0,0,0,0,0,0,1,0,0,0
1014,арест,Rus,654,1.0,0,0,0,0,1,0,0,0,0,0,0
1015,давила,Rus,653,1.0,0,0,0,0,1,0,0,0,0,0,0
1016,verdzināt,K3.ināt,646,0.7,0,0,1,0,0,0,0,0,0,0,0
1017,гибнуть,Rus,646,0.4,0,0,0,0,0,0,1,0,0,0,0
1018,судья,Rus,646,0.4,0,0,0,0,0,0,1,0,0,0,0
1019,террор,Rus,646,0.4,0,0,0,0,0,0,0,1,0,0,0
1020,боль,Rus,638,1.0,0,0,0,0,0,0,0,0,0,1,0
1021,инвалид,Rus,637,0.7,1,0,0,0,0,0,0,0,0,0,0
1022,крах,Rus,636,1.0,0,0,0,0,1,0,0,0,0,0,0
1023,крыса,Rus,636,0.4,0,1,0,0,0,0,0,0,0,0,0
1024,самооборона,Rus,636,0.4,0,0,0,0,0,0,0,1,0,0,0
1025,кретин,Rus,633,0.4,0,1,0,0,0,0,0,0,0,0,0
1026,мусор,Rus,633,0.4,0,1,0,0,0,0,1,0,0,0,0
1027,радикал,Rus,633,0.4,0,0,0,0,0,0,1,0,0,0,0
1028,pimpis,D2.pis,631,0.4,0,1,0,0,0,0,0,0,0,0,0
1029,продать,Rus,627,0.7,0,0,0,0,0,0,0,0,0,0,1
1030,likviditāte,D5.e,626,1.0,0,0,0,0,1,0,0,0,0,0,0
1031,взорвать,Rus,626,1.0,0,0,0,0,1,0,0,0,0,0,0
1032,висеть,Rus,625,0.4,0,0,0,0,0,0,1,0,0,0,0
1033,фейк,Rus,618,1.0,0,0,0,0,0,0,0,0,0,0,0
1035,обезьяна,Rus,612,0.55,1,1,0,0,0,0,0,0,0,0,0
1036,sodība,D4.a,611,0.4,0,0,0,0,0,0,1,0,0,0,0
1037,родить,Rus,611,0.4,0,1,0,0,0,0,0,0,0,0,0
1038,оскорбление,Rus,609,0.85,0,0,1,0,1,0,0,0,0,0,0
1039,разжигание,Rus,609,1.0,0,0,0,0,1,0,0,0,0,0,0
1040,кладбище,Rus,608,0.4,0,0,0,0,0,0,1,0,0,0,0
1041,нацистский,Rus,608,0.4,0,0,0,0,0,0,1,0,0,0,0
1042,šaurpierītis,D2.tis,603,0.4,0,1,0,0,0,0,0,0,0,0,0
1043,атаковать,Rus,602,0.7,0,0,0,0,1,0,0,1,0,0,0
1044,бей,Rus,601,1.0,0,0,0,0,1,0,0,0,0,0,0
1045,изнасиловать,Rus,597,1.0,0,0,0,0,1,0,0,0,0,0,0
1046,мат,Rus,597,0.4,0,0,0,0,0,0,1,0,0,0,0
1048,партизан,Rus,587,0.4,0,0,0,0,0,0,0,1,0,0,0
1049,nozadzējs,D1.s,586,0.7,0,0,1,0,0,0,0,0,0,0,0
1050,беркут,Rus,583,0.4,0,0,0,0,0,0,0,1,0,0,0
1051,жестокость,Rus,578,0.4,0,0,0,0,0,0,1,0,0,0,0
1052,кинуть,Rus,576,0.7,0,0,0,0,0,0,0,0,0,0,1
1053,пиндос,Rus,575,0.55,1,1,0,0,0,0,0,0,0,0,0
1054,заключить,Rus,573,0.4,0,0,0,0,0,0,1,0,0,0,0
1055,обидеть,Rus,573,1.0,0,0,0,0,1,0,0,0,0,0,0
1056,сосать,Rus,572,0.4,0,0,0,0,0,0,1,0,0,0,0
1057,драка,Rus,571,1.0,0,0,0,0,1,0,0,0,0,0,0
1058,разруха,Rus,568,0.7,0,0,0,0,0,0,0,0,1,0,0
1060,aptraipīts,Īp.s,563,0.7,0,0,0,0,0,0,0,0,1,0,0
1061,covididiots,D1.s,561,0.4,0,1,0,0,0,0,0,0,0,0,0
1062,неонацист,Rus,561,0.4,0,0,0,0,0,0,1,0,0,0,0
1063,рухнуть,Rus,560,1.0,0,0,0,0,1,0,0,0,0,0,0
1064,lobētāja,D4.a,556,0.7,0,0,1,0,0,0,0,0,0,0,0
1065,завоевать,Rus,553,0.4,0,0,0,0,0,0,0,1,0,0,0
1066,рейх,Rus,553,0.4,0,0,0,0,0,0,1,0,0,0,0
1067,педераст,Rus,549,0.55,1,1,0,0,0,0,0,0,0,0,0
1068,виновный,Rus,545,0.7,0,0,0,0,0,0,0,0,1,0,0
1070,избить,Rus,543,1.0,0,0,0,0,1,0,0,0,0,0,0
1071,диктатор,Rus,540,0.4,0,0,0,0,0,0,0,1,0,0,0
1072,спровоцировать,Rus,540,1.0,0,0,0,0,1,0,0,0,0,0,0
1073,хуй,Rus,538,0.4,0,0,0,0,0,0,0,0,0,0,0
1074,гнида,Rus,533,0.4,0,1,0,0,0,0,0,0,0,0,0
1075,гулаг,Rus,533,0.4,0,0,0,0,0,0,1,0,0,0,0
1076,выгнать,Rus,531,1.0,0,0,0,0,1,0,0,0,0,0,0
1077,жрать,Rus,530,0.7,0,0,0,0,0,0,0,0,1,0,0
1078,прокурор,Rus,528,0.4,0,0,0,0,0,0,1,0,0,0,0
1079,сортир,Rus,523,0.4,0,0,0,0,0,0,1,0,0,0,0
1080,зверство,Rus,522,0.4,0,0,0,0,0,0,1,0,0,0,0
1081,изнасилование,Rus,522,1.0,0,0,0,0,1,0,0,0,0,0,0
1082,шовинизм,Rus,521,0.7,1,0,0,0,0,0,0,0,0,0,0
1083,взрыть,Rus,520,0.4,0,0,0,0,0,0,0,1,0,0,0
1084,граната,Rus,519,0.4,0,0,0,0,0,0,0,1,0,0,0
1085,бомбардировка,Rus,517,0.4,0,0,0,0,0,0,0,1,0,0,0
1086,сука,Rus,516,0.4,0,1,0,0,0,0,0,0,0,0,0
1087,свастика,Rus,513,0.4,0,0,0,0,0,0,1,0,0,0,0
1088,сволочь,Rus,513,0.7,0,0,0,0,0,0,0,0,1,0,0
1089,адмирал,Rus,510,0.4,0,0,0,0,0,0,0,1,0,0,0
1090,адольф,Rus,505,0.7,0,0,0,0,0,1,0,0,0,0,0
1091,скрывать,Rus,497,1.0,0,0,0,0,0,0,0,0,0,0,0
1092,trampists,D1.s,484,0.4,0,1,0,0,0,0,0,0,0,0,0
1093,хам,Rus,458,0.7,0,0,0,0,0,0,0,0,1,0,0
1094,маразм,Rus,437,0.7,0,0,0,0,0,0,0,0,0,0,0
1095,pakijs,D1.s,421,0.7,1,0,0,0,0,0,0,0,0,0,0
1096,zombokaste,D5.e,404,0.4,0,1,0,0,0,0,0,0,0,0,0
1097,mīkstčaulīgs,Īp.s,383,0.7,0,0,0,0,0,0,0,0,1,0,0
1098,заложник,Rus,365,0.7,0,0,0,0,0,0,0,0,0,0,0
1100,засада,Rus,323,0.4,0,0,0,0,0,0,0,0,0,0,0
1101,варвар,Rus,320,0.4,0,0,0,0,0,0,1,0,0,0,0
1102,panikotājs,D1.s,316,0.4,0,1,0,0,0,0,0,0,0,0,0
1103,обречен,Rus,275,0.7,0,0,0,0,0,0,0,0,0,0,0
1104,батрак,Rus,274,0.7,0,0,1,0,0,0,0,0,0,0,0
1105,даун,Rus,264,0.4,0,0,0,0,0,0,0,0,0,0,0
1106,sabakstīt,K3.īt,255,1.0,0,0,0,0,1,0,0,0,0,0,0
1107,kovidšovs,D1.s,252,0.4,0,1,0,0,0,0,0,0,0,0,0
1108,plāndēmija,D4.a,252,0.4,0,1,0,0,0,0,0,0,0,0,0
1109,бухать,Rus,245,1.0,0,0,0,0,0,0,0,0,0,0,0
1110,страж,Rus,241,0.4,0,0,0,0,0,0,1,0,0,0,0
1111,ложе,Rus,184,0.7,0,0,0,0,0,0,0,0,1,0,0
1112,tukšpaurītis,D2.tis,181,0.4,0,1,0,0,0,0,0,0,0,0,0
1113,бункер,Rus,180,0.4,0,0,0,0,0,0,0,0,0,0,0
1114,kroņvīruss,D1.s,169,0.4,0,1,0,0,0,0,0,0,0,0,0
1115,folijcepurīte,D5.e,166,0.4,0,1,0,0,0,0,1,0,0,0,0
1116,кабан,Rus,146,0.4,0,0,0,0,0,0,0,0,0,0,0
1117,голуба,Rus,145,0.7,1,0,0,0,0,0,0,0,0,0,0
1120,падло,Rus,116,0.4,0,1,0,0,0,0,0,0,0,0,0
1121,ржать,Rus,113,1.0,0,0,0,0,0,0,0,0,0,0,0
1122,covidfobs,D1.s,108,0.4,0,1,0,0,0,0,0,0,0,0,0
1123,вылечить,Rus,106,1.0,0,0,0,0,0,0,0,0,0,0,0
1124,козёл,Rus,102,0.4,0,0,0,0,0,0,0,0,0,0,0
1125,истерия,Rus,99,1.0,0,0,0,0,0,0,0,0,0,0,0
1126,covidhistērija,D4.a,91,0.4,0,1,0,0,0,0,0,0,0,0,0
1127,tintenieks,D1.s,91,0.4,0,1,0,0,0,0,0,0,0,0,0
1128,shēmotāja,D4.a,85,0.4,0,1,0,0,0,0,0,0,0,0,0
1129,нагнетать,Rus,82,1.0,0,0,0,0,0,0,0,0,0,0,0
1130,болтун,Rus,81,0.7,0,0,0,0,0,0,0,0,1,0,0
1131,izurķēt,K2.t,74,1.0,0,0,0,0,1,0,0,0,0,0,0
1132,хамит,Rus,73,0.85,0,0,0,0,1,0,0,0,1,0,0
1133,бедняк,Rus,68,0.7,0,0,1,0,0,0,0,0,0,0,0
1134,напалм,Rus,61,0.4,0,0,0,0,0,0,0,0,0,0,0
1135,деза,Rus,59,0.4,0,0,0,0,0,0,0,0,0,0,0
1137,демон,Rus,55,0.55,0,0,0,0,0,0,0,0,0,0,0
1138,липовый,Rus,50,0.4,0,0,0,0,0,0,0,0,0,0,0
1139,истеричка,Rus,41,0.4,0,0,0,0,0,0,0,0,0,0,0
1141,albinoss,D1.s,38,0.4,0,1,0,0,0,0,0,0,0,0,0
1142,проходной,Rus,34,0.1,0,0,0,0,0,0,0,0,0,0,0
1143,зараза,Rus,23,0.55,0,0,0,0,0,0,0,0,0,0,0
1144,доставать,Rus,22,1.0,0,0,0,0,0,0,0,0,0,0,0
1145,толстосум,Rus,21,0.4,0,0,0,0,0,0,0,0,0,0,0
1146,альфонс,Rus,19,0.4,0,1,0,0,0,0,0,0,0,0,0
1147,рептилоид,Rus,18,0.4,0,0,0,0,0,0,0,0,0,0,0
1149,kovidticīgs,D1.s,15,0.4,0,1,0,0,0,0,0,0,0,0,0
1150,pašizolants,D1.s,12,0.4,0,1,0,0,0,0,0,0,0,0,0
1151,aparietis,D2.tis,11,0.7,1,0,0,0,0,0,0,0,0,0,0
1153,паникёр,Rus,11,0.7,0,0,0,0,0,0,0,0,0,0,0
1154,kovidisms,D1.s,10,0.4,0,1,0,0,0,0,0,0,0,0,0
1155,брехня,Rus,9,0.55,0,0,0,0,0,0,0,0,0,0,0
1156,таскаться,Rus,8,1.0,0,0,0,0,0,0,0,0,0,0,0
1157,apsmieklvalstele,D5.le,7,0.4,0,1,0,0,0,0,0,0,0,0,0
1158,covididiotija,D4.a,4,0.4,0,1,0,0,0,0,0,0,0,0,0
1159,шнырять,Rus,4,1.0,0,0,0,0,0,0,0,0,0,0,0
1160,kroņgripa,D4.a,2,0.4,0,1,0,0,0,0,0,0,0,0,0
1161,доиграться,Rus,1,0.1,0,0,0,0,0,0,0,0,0,0,0
1162,натовский,Rus,1,0.4,0,0,0,0,0,0,0,0,0,0,0
1163,поганый,Rus,1,0.55,0,0,0,0,0,0,0,0,0,0,0
1164,пугать,Rus,1,1.0,0,0,0,0,0,0,0,0,0,0,0
